X	Y	idxAnalysis	StdDev	iL	Bead	idx_inNUp	idx_NUp	iF	iS	iB_inFrame	bestStd	Zr	Neighbour_L	Neighbour_R	iField
194.404	92.564	0	12525.262	1	<BeadTracker_V4.Bead object at 0x000002F291AE5030>	1	1	0	1	2	True	-13.0	M450-2025	M450-Strept	0
194.231	92.471	0	11923.415	1	<BeadTracker_V4.Bead object at 0x000002F291AE52D0>	2	1	1	2	2	False	-13.0	M450-2025	M450-Strept	1
194.081	91.972	0	8639.423	1	<BeadTracker_V4.Bead object at 0x000002F291AE76D0>	3	1	2	3	2	False	-13.0	M450-2025	M450-Strept	2
194.299	92.145	0	12469.472	1	<BeadTracker_V4.Bead object at 0x000002F291AE7DF0>	1	2	3	4	2	True	-19.0	M450-2025	M450-Strept	3
194.097	92.081	0	12273.024	1	<BeadTracker_V4.Bead object at 0x000002F291AE6DA0>	2	2	4	5	2	False	-19.0	M450-2025	M450-Strept	4
193.969	91.848	0	8850.356	1	<BeadTracker_V4.Bead object at 0x000002F291AE6770>	3	2	5	6	2	False	-19.0	M450-2025	M450-Strept	5
194.334	92.284	0	12443.658	1	<BeadTracker_V4.Bead object at 0x000002F291AE6C20>	1	3	6	7	2	True	-20.0	M450-2025	M450-Strept	6
194.132	92.295	0	12285.57	1	<BeadTracker_V4.Bead object at 0x000002F291C819C0>	2	3	7	8	2	False	-20.0	M450-2025	M450-Strept	7
193.952	91.74	0	8848.846	1	<BeadTracker_V4.Bead object at 0x000002F291C82A10>	3	3	8	9	2	False	-20.0	M450-2025	M450-Strept	8
194.233	91.853	0	12454.44	1	<BeadTracker_V4.Bead object at 0x000002F291C82320>	1	4	9	10	2	True	-23.0	M450-2025	M450-Strept	9
194.037	91.803	0	12400.942	1	<BeadTracker_V4.Bead object at 0x000002F291C83400>	2	4	10	11	2	False	-23.0	M450-2025	M450-Strept	10
193.878	91.615	0	8942.113	1	<BeadTracker_V4.Bead object at 0x000002F291C804F0>	3	4	11	12	2	False	-23.0	M450-2025	M450-Strept	11
194.189	91.866	0	12346.983	1	<BeadTracker_V4.Bead object at 0x000002F291C80B20>	1	5	12	13	2	True	-24.0	M450-2025	M450-Strept	12
193.952	92.051	0	12433.833	1	<BeadTracker_V4.Bead object at 0x000002F291C81510>	2	5	13	14	2	False	-24.0	M450-2025	M450-Strept	13
193.867	91.629	0	8965.424	1	<BeadTracker_V4.Bead object at 0x000002F292EB24D0>	3	5	14	15	2	False	-24.0	M450-2025	M450-Strept	14
194.298	91.805	0	12350.186	1	<BeadTracker_V4.Bead object at 0x000002F292EB2680>	1	6	15	16	2	True	-28.0	M450-2025	M450-Strept	15
194.115	91.744	0	12657.095	1	<BeadTracker_V4.Bead object at 0x000002F292EB1570>	2	6	16	17	2	False	-28.0	M450-2025	M450-Strept	16
193.899	91.433	0	9146.674	1	<BeadTracker_V4.Bead object at 0x000002F292EB0D30>	3	6	17	18	2	False	-28.0	M450-2025	M450-Strept	17
194.206	91.583	0	12292.6	1	<BeadTracker_V4.Bead object at 0x000002F292EB32E0>	1	7	18	19	2	True	-28.0	M450-2025	M450-Strept	18
193.951	91.681	0	12647.051	1	<BeadTracker_V4.Bead object at 0x000002F292EB3D00>	2	7	19	20	2	False	-28.0	M450-2025	M450-Strept	19
193.851	91.424	0	9141.157	1	<BeadTracker_V4.Bead object at 0x000002F292EB2B60>	3	7	20	21	2	False	-28.0	M450-2025	M450-Strept	20
194.013	91.461	0	12287.837	1	<BeadTracker_V4.Bead object at 0x000002F292EB0E80>	1	8	21	22	2	True	-28.0	M450-2025	M450-Strept	21
193.914	91.435	0	12970.796	1	<BeadTracker_V4.Bead object at 0x000002F291B8DCC0>	2	8	22	23	2	False	-28.0	M450-2025	M450-Strept	22
193.715	90.768	0	9241.411	1	<BeadTracker_V4.Bead object at 0x000002F291B8DA80>	3	8	23	24	2	False	-28.0	M450-2025	M450-Strept	23
194.048	91.155	0	12282.959	1	<BeadTracker_V4.Bead object at 0x000002F291B8DEA0>	1	9	24	25	2	True	-31.0	M450-2025	M450-Strept	24
193.802	91.423	0	12887.791	1	<BeadTracker_V4.Bead object at 0x000002F291B8DBD0>	2	9	25	26	2	False	-31.0	M450-2025	M450-Strept	25
193.59	91.222	0	9309.355	1	<BeadTracker_V4.Bead object at 0x000002F291B8FFD0>	3	9	26	27	2	False	-31.0	M450-2025	M450-Strept	26
193.9	91.273	0	12265.455	1	<BeadTracker_V4.Bead object at 0x000002F291B8E830>	1	10	27	28	2	True	-36.0	M450-2025	M450-Strept	27
193.76	91.324	0	13083.533	1	<BeadTracker_V4.Bead object at 0x000002F291B8D1E0>	2	10	28	29	2	False	-36.0	M450-2025	M450-Strept	28
193.525	90.73	0	9433.146	1	<BeadTracker_V4.Bead object at 0x000002F292C7B550>	3	10	29	30	2	False	-36.0	M450-2025	M450-Strept	29
193.602	90.919	-1	13029.239	1	<BeadTracker_V4.Bead object at 0x000002F292C78130>	0	0	30	31	2	True	-41.0	M450-2025	M450-Strept	30
193.691	90.899	-1	13106.138	1	<BeadTracker_V4.Bead object at 0x000002F292C7A7A0>	0	0	31	32	2	True	-32.0	M450-2025	M450-Strept	31
193.663	90.743	-1	13129.678	1	<BeadTracker_V4.Bead object at 0x000002F292C7B520>	0	0	32	33	2	True	-37.0	M450-2025	M450-Strept	32
193.674	90.911	-1	13070.498	1	<BeadTracker_V4.Bead object at 0x000002F292C7B790>	0	0	33	34	2	True	-31.0	M450-2025	M450-Strept	33
193.628	90.644	-1	13164.119	1	<BeadTracker_V4.Bead object at 0x000002F292C7B250>	0	0	34	35	2	True	-29.0	M450-2025	M450-Strept	34
193.587	90.855	-1	13081.882	1	<BeadTracker_V4.Bead object at 0x000002F292C7A440>	0	0	35	36	2	True	-43.0	M450-2025	M450-Strept	35
193.626	90.735	-1	13099.324	1	<BeadTracker_V4.Bead object at 0x000002F292AD6530>	0	0	36	37	2	True	-34.0	M450-2025	M450-Strept	36
193.585	90.44	-1	13237.459	1	<BeadTracker_V4.Bead object at 0x000002F292AD6950>	0	0	37	38	2	True	-28.0	M450-2025	M450-Strept	37
193.447	90.644	-1	13264.359	1	<BeadTracker_V4.Bead object at 0x000002F292AD5210>	0	0	38	39	2	True	-33.0	M450-2025	M450-Strept	38
193.541	90.377	-1	13315.864	1	<BeadTracker_V4.Bead object at 0x000002F292AD7DC0>	0	0	39	40	2	True	-33.0	M450-2025	M450-Strept	39
193.372	90.383	-1	13344.553	1	<BeadTracker_V4.Bead object at 0x000002F291B928C0>	0	0	40	41	2	True	-34.0	M450-2025	M450-Strept	40
193.364	90.25	-1	13320.775	1	<BeadTracker_V4.Bead object at 0x000002F291B918A0>	0	0	41	42	2	True	-40.0	M450-2025	M450-Strept	41
193.311	90.341	-1	13330.812	1	<BeadTracker_V4.Bead object at 0x000002F291B926B0>	0	0	42	43	2	True	-37.0	M450-2025	M450-Strept	42
193.28	90.21	-1	13347.269	1	<BeadTracker_V4.Bead object at 0x000002F291B93190>	0	0	43	44	2	True	-41.0	M450-2025	M450-Strept	43
193.295	89.93	-1	13308.207	1	<BeadTracker_V4.Bead object at 0x000002F291B91810>	0	0	44	45	2	True	-40.0	M450-2025	M450-Strept	44
193.189	89.961	-1	13393.405	1	<BeadTracker_V4.Bead object at 0x000002F291B90D90>	0	0	45	46	2	True	-38.0	M450-2025	M450-Strept	45
193.271	89.84	-1	13333.231	1	<BeadTracker_V4.Bead object at 0x000002F291B90CD0>	0	0	46	47	2	True	-41.0	M450-2025	M450-Strept	46
193.12	89.791	-1	13365.535	1	<BeadTracker_V4.Bead object at 0x000002F291B93400>	0	0	47	48	2	True	-39.0	M450-2025	M450-Strept	47
193.172	90.12	-1	13377.946	1	<BeadTracker_V4.Bead object at 0x000002F299054610>	0	0	48	49	2	True	-44.0	M450-2025	M450-Strept	48
193.146	89.89	-1	13369.667	1	<BeadTracker_V4.Bead object at 0x000002F291B1D9F0>	0	0	49	50	2	True	-42.0	M450-2025	M450-Strept	49
193.1	90.096	-1	13353.986	1	<BeadTracker_V4.Bead object at 0x000002F291B1E950>	0	0	50	51	2	True	-45.0	M450-2025	M450-Strept	50
193.076	89.803	-1	13362.727	1	<BeadTracker_V4.Bead object at 0x000002F291B1E560>	0	0	51	52	2	True	-42.0	M450-2025	M450-Strept	51
193.054	89.791	-1	13405.892	1	<BeadTracker_V4.Bead object at 0x000002F291B1FD30>	0	0	52	53	2	True	-41.0	M450-2025	M450-Strept	52
193.0	89.807	-1	13362.455	1	<BeadTracker_V4.Bead object at 0x000002F291B1DC30>	0	0	53	54	2	True	-43.0	M450-2025	M450-Strept	53
192.981	89.569	-1	13335.646	1	<BeadTracker_V4.Bead object at 0x000002F291B1E2C0>	0	0	54	55	2	True	-39.0	M450-2025	M450-Strept	54
193.034	89.932	-1	13314.276	1	<BeadTracker_V4.Bead object at 0x000002F291B1DCF0>	0	0	55	56	2	True	-46.0	M450-2025	M450-Strept	55
193.023	89.601	-1	13373.187	1	<BeadTracker_V4.Bead object at 0x000002F291B1C1F0>	0	0	56	57	2	True	-39.0	M450-2025	M450-Strept	56
193.007	89.632	-1	13399.925	1	<BeadTracker_V4.Bead object at 0x000002F2990970A0>	0	0	57	58	2	True	-39.0	M450-2025	M450-Strept	57
193.02	89.642	-1	13371.227	1	<BeadTracker_V4.Bead object at 0x000002F299096950>	0	0	58	59	2	True	-40.0	M450-2025	M450-Strept	58
192.978	89.445	-1	13336.314	1	<BeadTracker_V4.Bead object at 0x000002F2990951E0>	0	0	59	60	2	True	-44.0	M450-2025	M450-Strept	59
192.93	89.579	-1	13290.771	1	<BeadTracker_V4.Bead object at 0x000002F299094B80>	0	0	60	61	2	True	-43.0	M450-2025	M450-Strept	60
192.983	89.485	-1	13367.532	1	<BeadTracker_V4.Bead object at 0x000002F299096770>	0	0	61	62	2	True	-40.0	M450-2025	M450-Strept	61
192.988	89.626	-1	13371.038	1	<BeadTracker_V4.Bead object at 0x000002F299095D20>	0	0	62	63	2	True	-42.0	M450-2025	M450-Strept	62
192.935	89.587	-1	13355.475	1	<BeadTracker_V4.Bead object at 0x000002F2990941C0>	0	0	63	64	2	True	-43.0	M450-2025	M450-Strept	63
192.968	89.482	-1	13331.167	1	<BeadTracker_V4.Bead object at 0x000002F292911450>	0	0	64	65	2	True	-45.0	M450-2025	M450-Strept	64
192.904	89.641	-1	13322.489	1	<BeadTracker_V4.Bead object at 0x000002F2929129E0>	0	0	65	66	2	True	-45.0	M450-2025	M450-Strept	65
192.848	89.279	-1	13338.803	1	<BeadTracker_V4.Bead object at 0x000002F292910790>	0	0	66	67	2	True	-47.0	M450-2025	M450-Strept	66
192.908	89.488	-1	13274.306	1	<BeadTracker_V4.Bead object at 0x000002F292913520>	0	0	67	68	2	True	-45.0	M450-2025	M450-Strept	67
192.903	89.342	-1	13276.901	1	<BeadTracker_V4.Bead object at 0x000002F295B3F910>	0	0	68	69	2	True	-48.0	M450-2025	M450-Strept	68
192.926	89.197	-1	13304.195	1	<BeadTracker_V4.Bead object at 0x000002F295B3CAC0>	0	0	69	70	2	True	-48.0	M450-2025	M450-Strept	69
192.901	89.19	1	13341.154	1	<BeadTracker_V4.Bead object at 0x000002F295B3DDE0>	0	0	70	71	2	True	-48.0	M450-2025	M450-Strept	70
192.9	89.281	1	13336.202	1	<BeadTracker_V4.Bead object at 0x000002F295B3FEE0>	0	0	71	72	2	True	-47.0	M450-2025	M450-Strept	71
192.878	89.258	1	13366.834	1	<BeadTracker_V4.Bead object at 0x000002F295B3D780>	0	0	72	73	2	True	-46.0	M450-2025	M450-Strept	72
192.88	89.071	1	13304.867	1	<BeadTracker_V4.Bead object at 0x000002F291D52E90>	0	0	73	74	2	True	-47.0	M450-2025	M450-Strept	73
192.901	89.006	1	13381.488	1	<BeadTracker_V4.Bead object at 0x000002F291D50370>	0	0	74	75	2	True	-49.0	M450-2025	M450-Strept	74
192.878	89.254	1	13293.81	1	<BeadTracker_V4.Bead object at 0x000002F291D51600>	0	0	75	76	2	True	-49.0	M450-2025	M450-Strept	75
192.874	89.363	1	13325.436	1	<BeadTracker_V4.Bead object at 0x000002F291D50970>	0	0	76	77	2	True	-47.0	M450-2025	M450-Strept	76
192.879	89.282	1	13295.24	1	<BeadTracker_V4.Bead object at 0x000002F291D52410>	0	0	77	78	2	True	-47.0	M450-2025	M450-Strept	77
192.922	89.141	1	13321.026	1	<BeadTracker_V4.Bead object at 0x000002F291D51150>	0	0	78	79	2	True	-49.0	M450-2025	M450-Strept	78
192.915	89.194	1	13292.979	1	<BeadTracker_V4.Bead object at 0x000002F291D535B0>	0	0	79	80	2	True	-49.0	M450-2025	M450-Strept	79
192.894	89.309	1	13307.758	1	<BeadTracker_V4.Bead object at 0x000002F295A7D210>	0	0	80	81	2	True	-44.0	M450-2025	M450-Strept	80
192.918	89.295	1	13318.433	1	<BeadTracker_V4.Bead object at 0x000002F295A7FB50>	0	0	81	82	2	True	-46.0	M450-2025	M450-Strept	81
192.907	89.101	1	13315.117	1	<BeadTracker_V4.Bead object at 0x000002F295A7D060>	0	0	82	83	2	True	-46.0	M450-2025	M450-Strept	82
192.937	89.114	1	13343.722	1	<BeadTracker_V4.Bead object at 0x000002F295A7E590>	0	0	83	84	2	True	-47.0	M450-2025	M450-Strept	83
192.975	89.344	1	13349.386	1	<BeadTracker_V4.Bead object at 0x000002F295A7F7F0>	0	0	84	85	2	True	-46.0	M450-2025	M450-Strept	84
192.909	89.335	1	13397.181	1	<BeadTracker_V4.Bead object at 0x000002F295A7D120>	0	0	85	86	2	True	-45.0	M450-2025	M450-Strept	85
192.913	89.202	1	13362.247	1	<BeadTracker_V4.Bead object at 0x000002F295B23BB0>	0	0	86	87	2	True	-49.0	M450-2025	M450-Strept	86
192.91	89.037	1	13382.243	1	<BeadTracker_V4.Bead object at 0x000002F295B229B0>	0	0	87	88	2	True	-48.0	M450-2025	M450-Strept	87
192.922	89.253	1	13315.21	1	<BeadTracker_V4.Bead object at 0x000002F295B21630>	0	0	88	89	2	True	-46.0	M450-2025	M450-Strept	88
192.896	89.401	1	13333.627	1	<BeadTracker_V4.Bead object at 0x000002F295B23D00>	0	0	89	90	2	True	-43.0	M450-2025	M450-Strept	89
192.899	89.306	1	13272.66	1	<BeadTracker_V4.Bead object at 0x000002F295B22260>	0	0	90	91	2	True	-46.0	M450-2025	M450-Strept	90
192.948	89.214	1	13297.44	1	<BeadTracker_V4.Bead object at 0x000002F295B238B0>	0	0	91	92	2	True	-50.0	M450-2025	M450-Strept	91
192.925	89.197	1	13313.904	1	<BeadTracker_V4.Bead object at 0x000002F295B20E50>	0	0	92	93	2	True	-47.0	M450-2025	M450-Strept	92
192.885	89.28	1	13336.091	1	<BeadTracker_V4.Bead object at 0x000002F295A45720>	0	0	93	94	2	True	-43.0	M450-2025	M450-Strept	93
192.902	89.333	1	13295.965	1	<BeadTracker_V4.Bead object at 0x000002F295A47D00>	0	0	94	95	2	True	-44.0	M450-2025	M450-Strept	94
192.878	89.182	1	13217.444	1	<BeadTracker_V4.Bead object at 0x000002F295A47520>	0	0	95	96	2	True	-50.0	M450-2025	M450-Strept	95
192.886	89.174	1	13253.798	1	<BeadTracker_V4.Bead object at 0x000002F295A470A0>	0	0	96	97	2	True	-48.0	M450-2025	M450-Strept	96
192.902	89.266	1	13356.232	1	<BeadTracker_V4.Bead object at 0x000002F295A44190>	0	0	97	98	2	True	-44.0	M450-2025	M450-Strept	97
192.908	89.441	1	13311.568	1	<BeadTracker_V4.Bead object at 0x000002F295A44A60>	0	0	98	99	2	True	-42.0	M450-2025	M450-Strept	98
192.951	89.315	1	13333.258	1	<BeadTracker_V4.Bead object at 0x000002F2920004C0>	0	0	99	100	2	True	-45.0	M450-2025	M450-Strept	99
193.0	89.295	1	13351.339	1	<BeadTracker_V4.Bead object at 0x000002F2920012A0>	0	0	100	101	2	True	-45.0	M450-2025	M450-Strept	100
193.009	89.502	1	13302.046	1	<BeadTracker_V4.Bead object at 0x000002F2920014E0>	0	0	101	102	2	True	-41.0	M450-2025	M450-Strept	101
193.023	89.656	1	13365.484	1	<BeadTracker_V4.Bead object at 0x000002F292003220>	0	0	102	103	2	True	-41.0	M450-2025	M450-Strept	102
192.999	89.516	1	13423.813	1	<BeadTracker_V4.Bead object at 0x000002F292001B40>	0	0	103	104	2	True	-36.0	M450-2025	M450-Strept	103
193.054	89.392	1	13401.271	1	<BeadTracker_V4.Bead object at 0x000002F292001B70>	0	0	104	105	2	True	-40.0	M450-2025	M450-Strept	104
193.061	89.504	1	13389.218	1	<BeadTracker_V4.Bead object at 0x000002F292000700>	0	0	105	106	2	True	-35.0	M450-2025	M450-Strept	105
192.995	89.576	1	13362.321	1	<BeadTracker_V4.Bead object at 0x000002F291D83FA0>	0	0	106	107	2	True	-39.0	M450-2025	M450-Strept	106
193.005	89.622	1	13347.155	1	<BeadTracker_V4.Bead object at 0x000002F291D83400>	0	0	107	108	2	True	-37.0	M450-2025	M450-Strept	107
193.076	89.542	1	13413.272	1	<BeadTracker_V4.Bead object at 0x000002F291D81270>	0	0	108	109	2	True	-35.0	M450-2025	M450-Strept	108
193.09	89.571	1	13366.564	1	<BeadTracker_V4.Bead object at 0x000002F291D83D00>	0	0	109	110	2	True	-37.0	M450-2025	M450-Strept	109
193.089	89.703	1	13372.156	1	<BeadTracker_V4.Bead object at 0x000002F291D81570>	0	0	110	111	2	True	-36.0	M450-2025	M450-Strept	110
193.074	89.738	1	13334.979	1	<BeadTracker_V4.Bead object at 0x000002F291D80BB0>	0	0	111	112	2	True	-41.0	M450-2025	M450-Strept	111
193.1	89.598	1	13398.757	1	<BeadTracker_V4.Bead object at 0x000002F296719FF0>	0	0	112	113	2	True	-37.0	M450-2025	M450-Strept	112
193.133	89.581	1	13355.757	1	<BeadTracker_V4.Bead object at 0x000002F29671B460>	0	0	113	114	2	True	-38.0	M450-2025	M450-Strept	113
193.135	89.709	1	13268.017	1	<BeadTracker_V4.Bead object at 0x000002F29671B490>	0	0	114	115	2	True	-40.0	M450-2025	M450-Strept	114
193.152	89.924	1	13348.101	1	<BeadTracker_V4.Bead object at 0x000002F29671B0A0>	0	0	115	116	2	True	-43.0	M450-2025	M450-Strept	115
193.144	89.89	1	13371.755	1	<BeadTracker_V4.Bead object at 0x000002F29671A1D0>	0	0	116	117	2	True	-40.0	M450-2025	M450-Strept	116
193.14	89.696	1	13392.493	1	<BeadTracker_V4.Bead object at 0x000002F29671B310>	0	0	117	118	2	True	-37.0	M450-2025	M450-Strept	117
193.17	89.85	1	13375.364	1	<BeadTracker_V4.Bead object at 0x000002F296719570>	0	0	118	119	2	True	-39.0	M450-2025	M450-Strept	118
193.146	89.957	1	13268.817	1	<BeadTracker_V4.Bead object at 0x000002F295AD74C0>	0	0	119	120	2	True	-42.0	M450-2025	M450-Strept	119
193.108	89.822	1	13227.383	1	<BeadTracker_V4.Bead object at 0x000002F295AD75B0>	0	0	120	121	2	True	-41.0	M450-2025	M450-Strept	120
193.183	89.673	1	13313.503	1	<BeadTracker_V4.Bead object at 0x000002F295AD5BD0>	0	0	121	122	2	True	-38.0	M450-2025	M450-Strept	121
193.23	89.688	1	13324.744	1	<BeadTracker_V4.Bead object at 0x000002F295AD78B0>	0	0	122	123	2	True	-35.0	M450-2025	M450-Strept	122
193.221	89.997	1	13339.198	1	<BeadTracker_V4.Bead object at 0x000002F295AD5FF0>	0	0	123	124	2	True	-42.0	M450-2025	M450-Strept	123
193.199	89.934	1	13345.53	1	<BeadTracker_V4.Bead object at 0x000002F295AD41C0>	0	0	124	125	2	True	-35.0	M450-2025	M450-Strept	124
193.246	89.72	1	13345.609	1	<BeadTracker_V4.Bead object at 0x000002F295B9D480>	0	0	125	126	2	True	-33.0	M450-2025	M450-Strept	125
193.274	89.795	1	13372.655	1	<BeadTracker_V4.Bead object at 0x000002F295B9C5E0>	0	0	126	127	2	True	-36.0	M450-2025	M450-Strept	126
193.238	89.89	1	13352.545	1	<BeadTracker_V4.Bead object at 0x000002F295B9EAD0>	0	0	127	128	2	True	-35.0	M450-2025	M450-Strept	127
193.204	89.999	1	13384.385	1	<BeadTracker_V4.Bead object at 0x000002F295B9DDB0>	0	0	128	129	2	True	-35.0	M450-2025	M450-Strept	128
193.227	89.911	1	13328.961	1	<BeadTracker_V4.Bead object at 0x000002F295B9F610>	0	0	129	130	2	True	-39.0	M450-2025	M450-Strept	129
193.261	89.809	1	13358.758	1	<BeadTracker_V4.Bead object at 0x000002F295B9C040>	0	0	130	131	2	True	-32.0	M450-2025	M450-Strept	130
193.232	89.886	1	13343.2	1	<BeadTracker_V4.Bead object at 0x000002F292E511B0>	0	0	131	132	2	True	-33.0	M450-2025	M450-Strept	131
193.244	90.027	1	13324.874	1	<BeadTracker_V4.Bead object at 0x000002F295A61810>	0	0	132	133	2	True	-37.0	M450-2025	M450-Strept	132
193.274	89.92	1	13288.412	1	<BeadTracker_V4.Bead object at 0x000002F295A639D0>	0	0	133	134	2	True	-37.0	M450-2025	M450-Strept	133
193.321	89.811	1	13329.486	1	<BeadTracker_V4.Bead object at 0x000002F295A61E10>	0	0	134	135	2	True	-33.0	M450-2025	M450-Strept	134
193.352	89.887	1	13292.234	1	<BeadTracker_V4.Bead object at 0x000002F295A63760>	0	0	135	136	2	True	-33.0	M450-2025	M450-Strept	135
193.357	90.117	1	13271.761	1	<BeadTracker_V4.Bead object at 0x000002F295A63850>	0	0	136	137	2	True	-37.0	M450-2025	M450-Strept	136
193.349	90.12	1	13251.034	1	<BeadTracker_V4.Bead object at 0x000002F295A61780>	0	0	137	138	2	True	-37.0	M450-2025	M450-Strept	137
193.372	90.014	1	13173.56	1	<BeadTracker_V4.Bead object at 0x000002F295A60340>	0	0	138	139	2	True	-40.0	M450-2025	M450-Strept	138
193.428	89.951	1	13250.54	1	<BeadTracker_V4.Bead object at 0x000002F295F46C50>	0	0	139	140	2	True	-36.0	M450-2025	M450-Strept	139
193.4	90.145	1	13216.799	1	<BeadTracker_V4.Bead object at 0x000002F295F45480>	0	0	140	141	2	True	-36.0	M450-2025	M450-Strept	140
193.423	90.29	1	13212.878	1	<BeadTracker_V4.Bead object at 0x000002F295F47100>	0	0	141	142	2	True	-35.0	M450-2025	M450-Strept	141
193.402	90.11	1	13248.423	1	<BeadTracker_V4.Bead object at 0x000002F295F448B0>	0	0	142	143	2	True	-33.0	M450-2025	M450-Strept	142
193.447	90.046	1	13229.732	1	<BeadTracker_V4.Bead object at 0x000002F295F478B0>	0	0	143	144	2	True	-38.0	M450-2025	M450-Strept	143
193.472	90.173	1	13191.488	1	<BeadTracker_V4.Bead object at 0x000002F295F47BB0>	0	0	144	145	2	True	-38.0	M450-2025	M450-Strept	144
193.438	90.25	1	13165.874	1	<BeadTracker_V4.Bead object at 0x000002F291ABE170>	0	0	145	146	2	True	-30.0	M450-2025	M450-Strept	145
193.456	90.241	1	13122.893	1	<BeadTracker_V4.Bead object at 0x000002F291ABCE20>	0	0	146	147	2	True	-38.0	M450-2025	M450-Strept	146
193.523	90.081	1	13166.418	1	<BeadTracker_V4.Bead object at 0x000002F291ABE830>	0	0	147	148	2	True	-39.0	M450-2025	M450-Strept	147
193.559	90.07	1	13089.79	1	<BeadTracker_V4.Bead object at 0x000002F291ABC040>	0	0	148	149	2	True	-38.0	M450-2025	M450-Strept	148
193.542	90.168	1	13075.383	1	<BeadTracker_V4.Bead object at 0x000002F291ABDAE0>	0	0	149	150	2	True	-35.0	M450-2025	M450-Strept	149
193.474	90.207	1	13043.155	1	<BeadTracker_V4.Bead object at 0x000002F295C04BB0>	0	0	150	151	2	True	-34.0	M450-2025	M450-Strept	150
193.558	90.155	1	13098.297	1	<BeadTracker_V4.Bead object at 0x000002F295C06230>	0	0	151	152	2	True	-37.0	M450-2025	M450-Strept	151
193.567	90.083	1	13036.87	1	<BeadTracker_V4.Bead object at 0x000002F295C070D0>	0	0	152	153	2	True	-41.0	M450-2025	M450-Strept	152
193.636	90.314	1	12982.013	1	<BeadTracker_V4.Bead object at 0x000002F295C072B0>	0	0	153	154	2	True	-38.0	M450-2025	M450-Strept	153
193.611	90.378	1	12876.254	1	<BeadTracker_V4.Bead object at 0x000002F295C07DC0>	0	0	154	155	2	True	-36.0	M450-2025	M450-Strept	154
193.603	90.283	1	12960.044	1	<BeadTracker_V4.Bead object at 0x000002F295C054B0>	0	0	155	156	2	True	-37.0	M450-2025	M450-Strept	155
193.692	90.214	1	12925.989	1	<BeadTracker_V4.Bead object at 0x000002F295C07FA0>	0	0	156	157	2	True	-42.0	M450-2025	M450-Strept	156
193.691	90.244	1	12950.21	1	<BeadTracker_V4.Bead object at 0x000002F292A9D360>	0	0	157	158	2	True	-37.0	M450-2025	M450-Strept	157
193.6	90.241	1	12932.806	1	<BeadTracker_V4.Bead object at 0x000002F292A9F310>	0	0	158	159	2	True	-33.0	M450-2025	M450-Strept	158
193.651	90.181	1	12923.92	1	<BeadTracker_V4.Bead object at 0x000002F292A9FB50>	0	0	159	160	2	True	-34.0	M450-2025	M450-Strept	159
193.683	90.091	1	12809.63	1	<BeadTracker_V4.Bead object at 0x000002F292A9D1B0>	0	0	160	161	2	True	-31.0	M450-2025	M450-Strept	160
193.757	90.195	1	12854.995	1	<BeadTracker_V4.Bead object at 0x000002F292A9ED70>	0	0	161	162	2	True	-47.0	M450-2025	M450-Strept	161
193.701	90.211	1	12804.011	1	<BeadTracker_V4.Bead object at 0x000002F292A9FF70>	0	0	162	163	2	True	-38.0	M450-2025	M450-Strept	162
193.69	90.229	1	12745.931	1	<BeadTracker_V4.Bead object at 0x000002F29682CA30>	0	0	163	164	2	True	-38.0	M450-2025	M450-Strept	163
193.742	90.048	1	12773.341	1	<BeadTracker_V4.Bead object at 0x000002F29682E350>	0	0	164	165	2	True	-39.0	M450-2025	M450-Strept	164
193.695	90.032	1	12663.299	1	<BeadTracker_V4.Bead object at 0x000002F29682DC60>	0	0	165	166	2	True	-51.0	M450-2025	M450-Strept	165
193.801	90.143	1	12702.581	1	<BeadTracker_V4.Bead object at 0x000002F29682C910>	0	0	166	167	2	True	-33.0	M450-2025	M450-Strept	166
193.805	90.303	1	12532.049	1	<BeadTracker_V4.Bead object at 0x000002F29682FA60>	0	0	167	168	2	True	-39.0	M450-2025	M450-Strept	167
193.794	90.094	1	12634.176	1	<BeadTracker_V4.Bead object at 0x000002F29682E680>	0	0	168	169	2	True	-47.0	M450-2025	M450-Strept	168
193.81	89.948	1	12608.066	1	<BeadTracker_V4.Bead object at 0x000002F291FBD690>	0	0	169	170	2	True	-36.0	M450-2025	M450-Strept	169
193.889	90.076	1	12478.388	1	<BeadTracker_V4.Bead object at 0x000002F291FBE2C0>	0	0	170	171	2	True	-32.0	M450-2025	M450-Strept	170
193.826	90.232	1	12427.176	1	<BeadTracker_V4.Bead object at 0x000002F291FBCCA0>	0	0	171	172	2	True	-35.0	M450-2025	M450-Strept	171
193.896	90.062	1	12518.933	1	<BeadTracker_V4.Bead object at 0x000002F291FBC0A0>	0	0	172	173	2	True	-29.0	M450-2025	M450-Strept	172
193.969	89.926	1	12490.325	1	<BeadTracker_V4.Bead object at 0x000002F291FBF790>	0	0	173	174	2	True	-37.0	M450-2025	M450-Strept	173
194.043	90.018	1	12417.943	1	<BeadTracker_V4.Bead object at 0x000002F291FBF820>	0	0	174	175	2	True	-44.0	M450-2025	M450-Strept	174
193.975	90.021	1	12391.463	1	<BeadTracker_V4.Bead object at 0x000002F291DE8550>	0	0	175	176	2	True	-30.0	M450-2025	M450-Strept	175
193.965	89.958	1	12265.738	1	<BeadTracker_V4.Bead object at 0x000002F291DEBCD0>	0	0	176	177	2	True	-31.0	M450-2025	M450-Strept	176
193.967	89.746	1	12293.885	1	<BeadTracker_V4.Bead object at 0x000002F291DEA950>	0	0	177	178	2	True	-23.0	M450-2025	M450-Strept	177
194.048	89.743	1	12277.466	1	<BeadTracker_V4.Bead object at 0x000002F291DEA170>	0	0	178	179	2	True	-28.0	M450-2025	M450-Strept	178
194.113	89.846	1	12274.849	1	<BeadTracker_V4.Bead object at 0x000002F291DE9B40>	0	0	179	180	2	True	-29.0	M450-2025	M450-Strept	179
194.038	89.962	1	12329.562	1	<BeadTracker_V4.Bead object at 0x000002F291DE8D00>	0	0	180	181	2	True	-47.0	M450-2025	M450-Strept	180
194.121	89.715	1	12256.425	1	<BeadTracker_V4.Bead object at 0x000002F291D1E6E0>	0	0	181	182	2	True	-29.0	M450-2025	M450-Strept	181
194.109	89.532	1	12263.162	1	<BeadTracker_V4.Bead object at 0x000002F291D1F130>	0	0	182	183	2	True	-20.0	M450-2025	M450-Strept	182
194.184	89.549	1	12235.319	1	<BeadTracker_V4.Bead object at 0x000002F291D1FEB0>	0	0	183	184	2	True	-20.0	M450-2025	M450-Strept	183
194.13	89.641	1	12159.507	1	<BeadTracker_V4.Bead object at 0x000002F291D1CCD0>	0	0	184	185	2	True	-23.0	M450-2025	M450-Strept	184
194.113	89.484	1	12154.304	1	<BeadTracker_V4.Bead object at 0x000002F291D1C3D0>	0	0	185	186	2	True	-18.0	M450-2025	M450-Strept	185
194.171	89.344	1	12170.153	1	<BeadTracker_V4.Bead object at 0x000002F291D1C160>	0	0	186	187	2	True	-26.0	M450-2025	M450-Strept	186
194.257	89.259	1	12116.705	1	<BeadTracker_V4.Bead object at 0x000002F291D1EF20>	0	0	187	188	2	True	-20.0	M450-2025	M450-Strept	187
194.237	89.401	1	12143.244	1	<BeadTracker_V4.Bead object at 0x000002F295FB9930>	0	0	188	189	2	True	-18.0	M450-2025	M450-Strept	188
194.3	89.416	1	12124.494	1	<BeadTracker_V4.Bead object at 0x000002F295FB8670>	0	0	189	190	2	True	-16.0	M450-2025	M450-Strept	189
194.331	89.181	1	12115.897	1	<BeadTracker_V4.Bead object at 0x000002F295FBA200>	0	0	190	191	2	True	-23.0	M450-2025	M450-Strept	190
194.288	89.016	1	12046.04	1	<BeadTracker_V4.Bead object at 0x000002F295FBBB80>	0	0	191	192	2	True	-24.0	M450-2025	M450-Strept	191
194.346	89.018	1	12057.58	1	<BeadTracker_V4.Bead object at 0x000002F295FBB070>	0	0	192	193	2	True	-20.0	M450-2025	M450-Strept	192
194.368	89.051	1	12053.761	1	<BeadTracker_V4.Bead object at 0x000002F295FBBAC0>	0	0	193	194	2	True	-20.0	M450-2025	M450-Strept	193
194.393	88.869	1	11982.896	1	<BeadTracker_V4.Bead object at 0x000002F295C62080>	0	0	194	195	2	True	-15.0	M450-2025	M450-Strept	194
194.449	89.566	1	12099.133	1	<BeadTracker_V4.Bead object at 0x000002F295C618D0>	0	0	195	196	2	True	-16.0	M450-2025	M450-Strept	195
194.418	89.784	1	12223.356	1	<BeadTracker_V4.Bead object at 0x000002F295C60730>	0	0	196	197	2	True	-27.0	M450-2025	M450-Strept	196
194.346	90.484	1	12305.137	1	<BeadTracker_V4.Bead object at 0x000002F295C60040>	0	0	197	198	2	True	-26.0	M450-2025	M450-Strept	197
194.174	90.525	1	12469.496	1	<BeadTracker_V4.Bead object at 0x000002F295C62F50>	0	0	198	199	2	True	-31.0	M450-2025	M450-Strept	198
194.029	90.627	1	12656.348	1	<BeadTracker_V4.Bead object at 0x000002F295C61540>	0	0	199	200	2	True	-34.0	M450-2025	M450-Strept	199
193.951	90.633	1	12903.645	1	<BeadTracker_V4.Bead object at 0x000002F299095300>	0	0	200	201	2	True	-40.0	M450-2025	M450-Strept	200
193.874	90.527	1	13070.912	1	<BeadTracker_V4.Bead object at 0x000002F291D71C30>	0	0	201	202	2	True	-37.0	M450-2025	M450-Strept	201
193.841	90.715	1	13182.526	1	<BeadTracker_V4.Bead object at 0x000002F291D73E20>	0	0	202	203	2	True	-32.0	M450-2025	M450-Strept	202
193.736	90.559	1	13306.144	1	<BeadTracker_V4.Bead object at 0x000002F291D71C90>	0	0	203	204	2	True	-32.0	M450-2025	M450-Strept	203
193.623	90.459	1	13321.819	1	<BeadTracker_V4.Bead object at 0x000002F291D71B40>	0	0	204	205	2	True	-32.0	M450-2025	M450-Strept	204
193.547	90.424	1	13373.335	1	<BeadTracker_V4.Bead object at 0x000002F291D72CE0>	0	0	205	206	2	True	-34.0	M450-2025	M450-Strept	205
193.444	90.179	1	13367.478	1	<BeadTracker_V4.Bead object at 0x000002F291D71990>	0	0	206	207	2	True	-40.0	M450-2025	M450-Strept	206
193.394	90.38	1	13342.68	1	<BeadTracker_V4.Bead object at 0x000002F291D72F20>	0	0	207	208	2	True	-42.0	M450-2025	M450-Strept	207
193.329	89.994	1	13400.516	1	<BeadTracker_V4.Bead object at 0x000002F291F8C8E0>	0	0	208	209	2	True	-44.0	M450-2025	M450-Strept	208
193.277	90.107	1	13382.371	1	<BeadTracker_V4.Bead object at 0x000002F291F8FA90>	0	0	209	210	2	True	-46.0	M450-2025	M450-Strept	209
193.274	89.849	0	11673.131	1	<BeadTracker_V4.Bead object at 0x000002F291F8D9F0>	1	11	210	211	2	True	-60.0	M450-2025	M450-Strept	210
193.148	89.963	0	13336.86	1	<BeadTracker_V4.Bead object at 0x000002F291F8EA10>	2	11	211	212	2	False	-60.0	M450-2025	M450-Strept	211
192.983	89.918	0	10444.997	1	<BeadTracker_V4.Bead object at 0x000002F291F8C670>	3	11	212	213	2	False	-60.0	M450-2025	M450-Strept	212
193.04	89.963	0	11470.906	1	<BeadTracker_V4.Bead object at 0x000002F291F8D150>	1	12	213	214	2	True	-70.0	M450-2025	M450-Strept	213
192.961	89.916	0	13203.696	1	<BeadTracker_V4.Bead object at 0x000002F292AD7F10>	2	12	214	215	2	False	-70.0	M450-2025	M450-Strept	214
192.719	89.648	0	10665.958	1	<BeadTracker_V4.Bead object at 0x000002F295F3E110>	3	12	215	216	2	False	-70.0	M450-2025	M450-Strept	215
193.068	89.804	0	11386.478	1	<BeadTracker_V4.Bead object at 0x000002F295F3C7F0>	1	13	216	217	2	True	-74.0	M450-2025	M450-Strept	216
192.905	89.814	0	13150.205	1	<BeadTracker_V4.Bead object at 0x000002F295F3D3C0>	2	13	217	218	2	False	-74.0	M450-2025	M450-Strept	217
192.717	89.846	0	10804.997	1	<BeadTracker_V4.Bead object at 0x000002F295F3F8E0>	3	13	218	219	2	False	-74.0	M450-2025	M450-Strept	218
192.694	89.733	0	11299.95	1	<BeadTracker_V4.Bead object at 0x000002F295F3DBD0>	1	14	219	220	2	True	-84.0	M450-2025	M450-Strept	219
192.559	89.656	0	13158.952	1	<BeadTracker_V4.Bead object at 0x000002F295F3D600>	2	14	220	221	2	False	-84.0	M450-2025	M450-Strept	220
192.425	89.47	0	10945.923	1	<BeadTracker_V4.Bead object at 0x000002F295F3FC10>	3	14	221	222	2	False	-84.0	M450-2025	M450-Strept	221
192.694	89.785	0	11296.481	1	<BeadTracker_V4.Bead object at 0x000002F295B62A70>	1	15	222	223	2	True	-83.0	M450-2025	M450-Strept	222
192.574	89.626	0	13140.439	1	<BeadTracker_V4.Bead object at 0x000002F295B61B70>	2	15	223	224	2	False	-83.0	M450-2025	M450-Strept	223
192.367	89.61	0	10986.17	1	<BeadTracker_V4.Bead object at 0x000002F295B63580>	3	15	224	225	2	False	-83.0	M450-2025	M450-Strept	224
192.586	89.724	0	11210.694	1	<BeadTracker_V4.Bead object at 0x000002F295B620B0>	1	16	225	226	2	True	-99.0	M450-2025	M450-Strept	225
192.532	89.756	0	13039.088	1	<BeadTracker_V4.Bead object at 0x000002F295B616C0>	2	16	226	227	2	False	-99.0	M450-2025	M450-Strept	226
192.346	89.66	0	11090.667	1	<BeadTracker_V4.Bead object at 0x000002F295B60F40>	3	16	227	228	2	False	-99.0	M450-2025	M450-Strept	227
192.635	89.703	0	11138.358	1	<BeadTracker_V4.Bead object at 0x000002F29532D3C0>	1	17	228	229	2	True	-97.0	M450-2025	M450-Strept	228
192.515	89.445	0	13067.569	1	<BeadTracker_V4.Bead object at 0x000002F29532F700>	2	17	229	230	2	False	-97.0	M450-2025	M450-Strept	229
192.316	89.542	0	11161.192	1	<BeadTracker_V4.Bead object at 0x000002F29532FE50>	3	17	230	231	2	False	-97.0	M450-2025	M450-Strept	230
192.585	89.614	0	11144.691	1	<BeadTracker_V4.Bead object at 0x000002F29532EC80>	1	18	231	232	2	True	-96.0	M450-2025	M450-Strept	231
192.48	89.674	0	13073.38	1	<BeadTracker_V4.Bead object at 0x000002F29532D1E0>	2	18	232	233	2	False	-96.0	M450-2025	M450-Strept	232
192.317	89.737	0	11149.972	1	<BeadTracker_V4.Bead object at 0x000002F29532C610>	3	18	233	234	2	False	-96.0	M450-2025	M450-Strept	233
192.697	89.807	0	11025.354	1	<BeadTracker_V4.Bead object at 0x000002F29532C1F0>	1	19	234	235	2	True	-110.0	M450-2025	M450-Strept	234
192.611	89.513	0	12982.753	1	<BeadTracker_V4.Bead object at 0x000002F291DA0CD0>	2	19	235	236	2	False	-110.0	M450-2025	M450-Strept	235
192.482	89.617	0	11324.824	1	<BeadTracker_V4.Bead object at 0x000002F291DA24A0>	3	19	236	237	2	False	-110.0	M450-2025	M450-Strept	236
192.584	89.631	0	10805.57	1	<BeadTracker_V4.Bead object at 0x000002F291DA2C50>	1	20	237	238	2	True	-123.0	M450-2025	M450-Strept	237
192.507	89.681	0	12808.026	1	<BeadTracker_V4.Bead object at 0x000002F291DA04C0>	2	20	238	239	2	False	-123.0	M450-2025	M450-Strept	238
192.279	89.926	0	11519.511	1	<BeadTracker_V4.Bead object at 0x000002F291DA3C10>	3	20	239	240	2	False	-123.0	M450-2025	M450-Strept	239
192.41	89.796	0	10622.755	2	<BeadTracker_V4.Bead object at 0x000002F291DA06A0>	1	21	240	241	2	True	-128.0	M450-2025	M450-Strept	240
192.258	89.593	0	12685.051	2	<BeadTracker_V4.Bead object at 0x000002F291DA01F0>	2	21	241	242	2	False	-128.0	M450-2025	M450-Strept	241
192.139	89.736	0	11868.948	2	<BeadTracker_V4.Bead object at 0x000002F291FE8B80>	3	21	242	243	2	False	-128.0	M450-2025	M450-Strept	242
192.45	89.905	0	10553.098	2	<BeadTracker_V4.Bead object at 0x000002F291FEBFD0>	1	22	243	244	2	True	-133.0	M450-2025	M450-Strept	243
192.385	90.013	0	12689.039	2	<BeadTracker_V4.Bead object at 0x000002F291FE8400>	2	22	244	245	2	False	-133.0	M450-2025	M450-Strept	244
192.214	90.145	0	11889.081	2	<BeadTracker_V4.Bead object at 0x000002F291FEA290>	3	22	245	246	2	False	-133.0	M450-2025	M450-Strept	245
192.486	90.064	0	10549.248	2	<BeadTracker_V4.Bead object at 0x000002F291FEAE30>	1	23	246	247	2	True	-137.0	M450-2025	M450-Strept	246
192.462	89.984	0	12612.933	2	<BeadTracker_V4.Bead object at 0x000002F291FEB160>	2	23	247	248	2	False	-137.0	M450-2025	M450-Strept	247
192.228	89.95	0	12155.069	2	<BeadTracker_V4.Bead object at 0x000002F292C7A050>	3	23	248	249	2	False	-137.0	M450-2025	M450-Strept	248
192.47	89.725	0	10343.272	2	<BeadTracker_V4.Bead object at 0x000002F291F660B0>	1	24	249	250	2	True	-143.0	M450-2025	M450-Strept	249
192.362	89.776	0	12476.248	2	<BeadTracker_V4.Bead object at 0x000002F291F647C0>	2	24	250	251	2	False	-143.0	M450-2025	M450-Strept	250
192.075	90.019	0	12429.003	2	<BeadTracker_V4.Bead object at 0x000002F291F66F20>	3	24	251	252	2	False	-143.0	M450-2025	M450-Strept	251
192.439	90.054	0	10244.426	2	<BeadTracker_V4.Bead object at 0x000002F291F67FA0>	1	25	252	253	2	True	-147.0	M450-2025	M450-Strept	252
192.384	90.002	0	12395.694	2	<BeadTracker_V4.Bead object at 0x000002F291F65D20>	2	25	253	254	2	False	-147.0	M450-2025	M450-Strept	253
192.251	90.128	0	12372.771	2	<BeadTracker_V4.Bead object at 0x000002F291F67910>	3	25	254	255	2	False	-147.0	M450-2025	M450-Strept	254
192.472	89.603	0	10202.38	2	<BeadTracker_V4.Bead object at 0x000002F29914B0A0>	1	26	255	256	2	True	-144.0	M450-2025	M450-Strept	255
192.335	89.485	0	12428.046	2	<BeadTracker_V4.Bead object at 0x000002F299148FD0>	2	26	256	257	2	False	-144.0	M450-2025	M450-Strept	256
192.1	89.875	0	12662.226	2	<BeadTracker_V4.Bead object at 0x000002F29914B400>	3	26	257	258	2	False	-144.0	M450-2025	M450-Strept	257
192.306	89.837	0	10087.299	2	<BeadTracker_V4.Bead object at 0x000002F299149AE0>	1	27	258	259	2	True	-150.0	M450-2025	M450-Strept	258
192.18	89.751	0	12302.984	2	<BeadTracker_V4.Bead object at 0x000002F29914AF20>	2	27	259	260	2	False	-150.0	M450-2025	M450-Strept	259
192.041	89.779	0	13050.661	2	<BeadTracker_V4.Bead object at 0x000002F29914BE80>	3	27	260	261	2	False	-150.0	M450-2025	M450-Strept	260
192.233	89.635	0	10000.267	2	<BeadTracker_V4.Bead object at 0x000002F291AE6710>	1	28	261	262	2	True	-152.0	M450-2025	M450-Strept	261
192.112	89.444	0	12091.071	2	<BeadTracker_V4.Bead object at 0x000002F292F075E0>	2	28	262	263	2	False	-152.0	M450-2025	M450-Strept	262
191.876	89.509	0	13144.525	2	<BeadTracker_V4.Bead object at 0x000002F292F050F0>	3	28	263	264	2	False	-152.0	M450-2025	M450-Strept	263
192.052	89.452	0	9888.776	2	<BeadTracker_V4.Bead object at 0x000002F292F04FD0>	1	29	264	265	2	True	-155.0	M450-2025	M450-Strept	264
191.941	89.666	0	12048.14	2	<BeadTracker_V4.Bead object at 0x000002F292F07A90>	2	29	265	266	2	False	-155.0	M450-2025	M450-Strept	265
191.766	89.685	0	13323.787	2	<BeadTracker_V4.Bead object at 0x000002F292F05A80>	3	29	266	267	2	False	-155.0	M450-2025	M450-Strept	266
191.779	89.584	0	9693.061	2	<BeadTracker_V4.Bead object at 0x000002F295AF9150>	1	30	267	268	2	True	-163.0	M450-2025	M450-Strept	267
191.753	89.357	0	11966.064	2	<BeadTracker_V4.Bead object at 0x000002F295AF9B40>	2	30	268	269	2	False	-163.0	M450-2025	M450-Strept	268
191.625	89.164	0	13405.046	2	<BeadTracker_V4.Bead object at 0x000002F295AF8820>	3	30	269	270	2	False	-163.0	M450-2025	M450-Strept	269
191.479	89.385	-2	11940.373	2	<BeadTracker_V4.Bead object at 0x000002F295AFA830>	0	0	270	271	2	True	-163.0	M450-2025	M450-Strept	270
191.437	89.129	-2	11855.266	2	<BeadTracker_V4.Bead object at 0x000002F295AFBB20>	0	0	271	272	2	True	-176.0	M450-2025	M450-Strept	271
191.41	89.288	-2	11972.118	2	<BeadTracker_V4.Bead object at 0x000002F295AF8040>	0	0	272	273	2	True	-163.0	M450-2025	M450-Strept	272
191.432	89.252	-2	11926.319	2	<BeadTracker_V4.Bead object at 0x000002F295AFB790>	0	0	273	274	2	True	-166.0	M450-2025	M450-Strept	273
191.387	89.091	-2	11935.485	2	<BeadTracker_V4.Bead object at 0x000002F299054E20>	0	0	274	275	2	True	-169.0	M450-2025	M450-Strept	274
191.314	89.152	-2	11887.019	2	<BeadTracker_V4.Bead object at 0x000002F299056170>	0	0	275	276	2	True	-173.0	M450-2025	M450-Strept	275
191.305	88.852	-2	11781.384	2	<BeadTracker_V4.Bead object at 0x000002F299056530>	0	0	276	277	2	True	-177.0	M450-2025	M450-Strept	276
191.323	89.149	-2	11875.138	2	<BeadTracker_V4.Bead object at 0x000002F299054790>	0	0	277	278	2	True	-173.0	M450-2025	M450-Strept	277
191.359	89.181	-2	11811.872	2	<BeadTracker_V4.Bead object at 0x000002F295BDF910>	0	0	278	279	2	True	-174.0	M450-2025	M450-Strept	278
191.213	88.862	-2	11717.079	2	<BeadTracker_V4.Bead object at 0x000002F295BDE050>	0	0	279	280	2	True	-178.0	M450-2025	M450-Strept	279
191.142	88.996	-2	11677.974	2	<BeadTracker_V4.Bead object at 0x000002F295BDFBB0>	0	0	280	281	2	True	-180.0	M450-2025	M450-Strept	280
191.054	88.669	-2	11568.242	2	<BeadTracker_V4.Bead object at 0x000002F295BDCF70>	0	0	281	282	2	True	-181.0	M450-2025	M450-Strept	281
190.945	88.778	-2	11571.003	2	<BeadTracker_V4.Bead object at 0x000002F295BDC700>	0	0	282	283	2	True	-185.0	M450-2025	M450-Strept	282
190.884	88.512	-2	11529.405	2	<BeadTracker_V4.Bead object at 0x000002F295BDC7F0>	0	0	283	284	2	True	-181.0	M450-2025	M450-Strept	283
190.891	88.516	-2	11441.7	2	<BeadTracker_V4.Bead object at 0x000002F295A917E0>	0	0	284	285	2	True	-186.0	M450-2025	M450-Strept	284
190.734	88.524	-2	11436.172	2	<BeadTracker_V4.Bead object at 0x000002F295A907C0>	0	0	285	286	2	True	-189.0	M450-2025	M450-Strept	285
190.752	88.405	-2	11285.836	2	<BeadTracker_V4.Bead object at 0x000002F295A92110>	0	0	286	287	2	True	-206.0	M450-2025	M450-Strept	286
190.672	88.623	-2	11340.77	2	<BeadTracker_V4.Bead object at 0x000002F295A915A0>	0	0	287	288	2	True	-196.0	M450-2025	M450-Strept	287
190.64	88.466	-2	11310.017	2	<BeadTracker_V4.Bead object at 0x000002F295A929E0>	0	0	288	289	2	True	-191.0	M450-2025	M450-Strept	288
190.573	88.351	-2	11296.586	2	<BeadTracker_V4.Bead object at 0x000002F292EB11E0>	0	0	289	290	2	True	-197.0	M450-2025	M450-Strept	289
190.502	88.497	-2	11222.348	2	<BeadTracker_V4.Bead object at 0x000002F29539BD90>	0	0	290	291	2	True	-196.0	M450-2025	M450-Strept	290
190.514	88.205	-2	11277.098	2	<BeadTracker_V4.Bead object at 0x000002F292AECC40>	0	0	291	292	2	True	-204.0	M450-2025	M450-Strept	291
190.448	88.508	-2	11186.869	2	<BeadTracker_V4.Bead object at 0x000002F292AEDD80>	0	0	292	293	2	True	-197.0	M450-2025	M450-Strept	292
190.476	88.242	-2	11092.763	2	<BeadTracker_V4.Bead object at 0x000002F292AECD60>	0	0	293	294	2	True	-221.0	M450-2025	M450-Strept	293
190.413	88.332	-2	11160.006	2	<BeadTracker_V4.Bead object at 0x000002F292AEF400>	0	0	294	295	2	True	-202.0	M450-2025	M450-Strept	294
190.434	88.421	-2	11167.575	2	<BeadTracker_V4.Bead object at 0x000002F292AEEDA0>	0	0	295	296	2	True	-197.0	M450-2025	M450-Strept	295
190.41	88.24	-2	11203.553	2	<BeadTracker_V4.Bead object at 0x000002F292AEEEC0>	0	0	296	297	2	True	-202.0	M450-2025	M450-Strept	296
190.3	88.393	-2	11162.477	2	<BeadTracker_V4.Bead object at 0x000002F292AEC430>	0	0	297	298	2	True	-201.0	M450-2025	M450-Strept	297
190.324	88.302	-2	11171.069	2	<BeadTracker_V4.Bead object at 0x000002F291B91240>	0	0	298	299	2	True	-206.0	M450-2025	M450-Strept	298
190.27	88.297	-2	11107.259	2	<BeadTracker_V4.Bead object at 0x000002F295B7EE90>	0	0	299	300	2	True	-210.0	M450-2025	M450-Strept	299
190.235	88.288	-2	11128.891	2	<BeadTracker_V4.Bead object at 0x000002F295B7FFD0>	0	0	300	301	2	True	-208.0	M450-2025	M450-Strept	300
190.27	88.0	-2	11102.228	2	<BeadTracker_V4.Bead object at 0x000002F295B7DA80>	0	0	301	302	2	True	-213.0	M450-2025	M450-Strept	301
190.255	88.303	-2	11169.945	2	<BeadTracker_V4.Bead object at 0x000002F295B7D090>	0	0	302	303	2	True	-205.0	M450-2025	M450-Strept	302
190.263	88.089	-2	11169.743	2	<BeadTracker_V4.Bead object at 0x000002F295B7CB80>	0	0	303	304	2	True	-211.0	M450-2025	M450-Strept	303
190.179	88.102	-2	11064.601	2	<BeadTracker_V4.Bead object at 0x000002F292F66A70>	0	0	304	305	2	True	-214.0	M450-2025	M450-Strept	304
190.097	88.223	-2	11166.866	2	<BeadTracker_V4.Bead object at 0x000002F292F66D40>	0	0	305	306	2	True	-207.0	M450-2025	M450-Strept	305
190.064	87.878	-2	11031.438	2	<BeadTracker_V4.Bead object at 0x000002F292F66650>	0	0	306	307	2	True	-217.0	M450-2025	M450-Strept	306
189.97	88.116	-2	11043.507	2	<BeadTracker_V4.Bead object at 0x000002F292F64940>	0	0	307	308	2	True	-215.0	M450-2025	M450-Strept	307
189.926	87.776	-2	11023.6	2	<BeadTracker_V4.Bead object at 0x000002F292F65B10>	0	0	308	309	2	True	-216.0	M450-2025	M450-Strept	308
189.904	87.927	-2	11060.601	2	<BeadTracker_V4.Bead object at 0x000002F292F66260>	0	0	309	310	2	True	-217.0	M450-2025	M450-Strept	309
189.917	87.716	2	10995.843	2	<BeadTracker_V4.Bead object at 0x000002F295EF65F0>	0	0	310	311	2	True	-212.0	M450-2025	M450-Strept	310
189.931	87.784	2	10973.178	2	<BeadTracker_V4.Bead object at 0x000002F295EF60E0>	0	0	311	312	2	True	-215.0	M450-2025	M450-Strept	311
189.888	87.98	2	11019.618	2	<BeadTracker_V4.Bead object at 0x000002F295EF5930>	0	0	312	313	2	True	-216.0	M450-2025	M450-Strept	312
189.823	87.94	2	11015.065	2	<BeadTracker_V4.Bead object at 0x000002F295EF69B0>	0	0	313	314	2	True	-216.0	M450-2025	M450-Strept	313
189.864	87.685	2	11052.344	2	<BeadTracker_V4.Bead object at 0x000002F295EF72B0>	0	0	314	315	2	True	-211.0	M450-2025	M450-Strept	314
189.869	87.753	2	10992.205	2	<BeadTracker_V4.Bead object at 0x000002F295EF4880>	0	0	315	316	2	True	-219.0	M450-2025	M450-Strept	315
189.875	88.017	2	11030.283	2	<BeadTracker_V4.Bead object at 0x000002F29297EF80>	0	0	316	317	2	True	-216.0	M450-2025	M450-Strept	316
189.839	87.993	2	11035.159	2	<BeadTracker_V4.Bead object at 0x000002F29297F9A0>	0	0	317	318	2	True	-215.0	M450-2025	M450-Strept	317
189.919	87.903	2	11019.169	2	<BeadTracker_V4.Bead object at 0x000002F29297E620>	0	0	318	319	2	True	-217.0	M450-2025	M450-Strept	318
189.927	87.8	2	10989.339	2	<BeadTracker_V4.Bead object at 0x000002F29297D930>	0	0	319	320	2	True	-214.0	M450-2025	M450-Strept	319
189.861	87.876	2	11027.637	2	<BeadTracker_V4.Bead object at 0x000002F29297F0D0>	0	0	320	321	2	True	-217.0	M450-2025	M450-Strept	320
189.779	87.882	2	11010.039	2	<BeadTracker_V4.Bead object at 0x000002F295BBC910>	0	0	321	322	2	True	-218.0	M450-2025	M450-Strept	321
189.74	87.814	2	11083.486	2	<BeadTracker_V4.Bead object at 0x000002F295BBD6F0>	0	0	322	323	2	True	-215.0	M450-2025	M450-Strept	322
189.792	87.772	2	11016.1	2	<BeadTracker_V4.Bead object at 0x000002F295BBCEB0>	0	0	323	324	2	True	-216.0	M450-2025	M450-Strept	323
189.891	87.965	2	11053.99	2	<BeadTracker_V4.Bead object at 0x000002F295BBF0D0>	0	0	324	325	2	True	-213.0	M450-2025	M450-Strept	324
189.789	87.958	2	11047.833	2	<BeadTracker_V4.Bead object at 0x000002F295BBECE0>	0	0	325	326	2	True	-215.0	M450-2025	M450-Strept	325
189.827	87.966	2	11007.481	2	<BeadTracker_V4.Bead object at 0x000002F295BBFA30>	0	0	326	327	2	True	-215.0	M450-2025	M450-Strept	326
189.834	87.811	2	11041.099	2	<BeadTracker_V4.Bead object at 0x000002F29904B7C0>	0	0	327	328	2	True	-214.0	M450-2025	M450-Strept	327
189.866	87.849	2	11027.191	2	<BeadTracker_V4.Bead object at 0x000002F299049420>	0	0	328	329	2	True	-216.0	M450-2025	M450-Strept	328
189.873	88.01	2	11066.382	2	<BeadTracker_V4.Bead object at 0x000002F2990498A0>	0	0	329	330	2	True	-214.0	M450-2025	M450-Strept	329
189.897	88.124	2	11061.095	2	<BeadTracker_V4.Bead object at 0x000002F29904A140>	0	0	330	331	2	True	-214.0	M450-2025	M450-Strept	330
189.932	88.138	2	11042.345	2	<BeadTracker_V4.Bead object at 0x000002F299049FC0>	0	0	331	332	2	True	-212.0	M450-2025	M450-Strept	331
189.903	88.041	2	11081.859	2	<BeadTracker_V4.Bead object at 0x000002F299049B10>	0	0	332	333	2	True	-213.0	M450-2025	M450-Strept	332
189.901	88.184	2	11102.241	2	<BeadTracker_V4.Bead object at 0x000002F291F3FD60>	0	0	333	334	2	True	-208.0	M450-2025	M450-Strept	333
189.902	88.24	2	11071.181	2	<BeadTracker_V4.Bead object at 0x000002F291F3F130>	0	0	334	335	2	True	-212.0	M450-2025	M450-Strept	334
189.934	88.258	2	11049.5	2	<BeadTracker_V4.Bead object at 0x000002F291F3F7F0>	0	0	335	336	2	True	-213.0	M450-2025	M450-Strept	335
189.935	88.084	2	11053.313	2	<BeadTracker_V4.Bead object at 0x000002F291F3F670>	0	0	336	337	2	True	-214.0	M450-2025	M450-Strept	336
189.903	88.063	2	11127.298	2	<BeadTracker_V4.Bead object at 0x000002F291F3E200>	0	0	337	338	2	True	-209.0	M450-2025	M450-Strept	337
189.879	88.126	2	11139.549	2	<BeadTracker_V4.Bead object at 0x000002F291F3E500>	0	0	338	339	2	True	-210.0	M450-2025	M450-Strept	338
189.92	88.161	2	11137.569	2	<BeadTracker_V4.Bead object at 0x000002F295E09390>	0	0	339	340	2	True	-207.0	M450-2025	M450-Strept	339
189.92	88.028	2	11141.93	2	<BeadTracker_V4.Bead object at 0x000002F295E092A0>	0	0	340	341	2	True	-209.0	M450-2025	M450-Strept	340
189.948	88.103	2	11152.345	2	<BeadTracker_V4.Bead object at 0x000002F295E0B550>	0	0	341	342	2	True	-210.0	M450-2025	M450-Strept	341
189.975	88.354	2	11146.424	2	<BeadTracker_V4.Bead object at 0x000002F295E0A5C0>	0	0	342	343	2	True	-209.0	M450-2025	M450-Strept	342
190.0	88.467	2	11173.159	2	<BeadTracker_V4.Bead object at 0x000002F295E0AA10>	0	0	343	344	2	True	-201.0	M450-2025	M450-Strept	343
190.058	88.387	2	11190.782	2	<BeadTracker_V4.Bead object at 0x000002F295E083A0>	0	0	344	345	2	True	-201.0	M450-2025	M450-Strept	344
190.092	88.39	2	11229.002	2	<BeadTracker_V4.Bead object at 0x000002F295FA5DE0>	0	0	345	346	2	True	-199.0	M450-2025	M450-Strept	345
190.11	88.636	2	11236.048	2	<BeadTracker_V4.Bead object at 0x000002F295FA4940>	0	0	346	347	2	True	-197.0	M450-2025	M450-Strept	346
190.111	88.672	2	11306.468	2	<BeadTracker_V4.Bead object at 0x000002F295FA5780>	0	0	347	348	2	True	-196.0	M450-2025	M450-Strept	347
190.18	88.697	2	11289.694	2	<BeadTracker_V4.Bead object at 0x000002F295FA7E20>	0	0	348	349	2	True	-201.0	M450-2025	M450-Strept	348
190.233	88.634	2	11307.642	2	<BeadTracker_V4.Bead object at 0x000002F295FA5330>	0	0	349	350	2	True	-194.0	M450-2025	M450-Strept	349
190.224	88.757	2	11355.955	2	<BeadTracker_V4.Bead object at 0x000002F295FA40A0>	0	0	350	351	2	True	-195.0	M450-2025	M450-Strept	350
190.182	88.798	2	11313.088	2	<BeadTracker_V4.Bead object at 0x000002F295FA7D60>	0	0	351	352	2	True	-197.0	M450-2025	M450-Strept	351
190.229	88.781	2	11346.67	2	<BeadTracker_V4.Bead object at 0x000002F296689D80>	0	0	352	353	2	True	-197.0	M450-2025	M450-Strept	352
190.306	88.746	2	11320.232	2	<BeadTracker_V4.Bead object at 0x000002F29668A350>	0	0	353	354	2	True	-200.0	M450-2025	M450-Strept	353
190.27	88.681	2	11379.756	2	<BeadTracker_V4.Bead object at 0x000002F29668BB50>	0	0	354	355	2	True	-194.0	M450-2025	M450-Strept	354
190.324	88.977	2	11399.674	2	<BeadTracker_V4.Bead object at 0x000002F2966891E0>	0	0	355	356	2	True	-198.0	M450-2025	M450-Strept	355
190.354	89.03	2	11410.325	2	<BeadTracker_V4.Bead object at 0x000002F29668A830>	0	0	356	357	2	True	-194.0	M450-2025	M450-Strept	356
190.414	88.963	2	11449.289	2	<BeadTracker_V4.Bead object at 0x000002F29668B760>	0	0	357	358	2	True	-195.0	M450-2025	M450-Strept	357
190.475	88.877	2	11428.571	2	<BeadTracker_V4.Bead object at 0x000002F291A5B2E0>	0	0	358	359	2	True	-196.0	M450-2025	M450-Strept	358
190.468	89.043	2	11465.972	2	<BeadTracker_V4.Bead object at 0x000002F291A5B4C0>	0	0	359	360	2	True	-194.0	M450-2025	M450-Strept	359
190.469	89.145	2	11442.433	2	<BeadTracker_V4.Bead object at 0x000002F291A598A0>	0	0	360	361	2	True	-192.0	M450-2025	M450-Strept	360
190.474	89.106	2	11417.573	2	<BeadTracker_V4.Bead object at 0x000002F291A59C00>	0	0	361	362	2	True	-195.0	M450-2025	M450-Strept	361
190.5	89.023	2	11451.669	2	<BeadTracker_V4.Bead object at 0x000002F291A5BE50>	0	0	362	363	2	True	-191.0	M450-2025	M450-Strept	362
190.487	89.072	2	11458.569	2	<BeadTracker_V4.Bead object at 0x000002F291A5AF20>	0	0	363	364	2	True	-194.0	M450-2025	M450-Strept	363
190.489	89.202	2	11499.922	2	<BeadTracker_V4.Bead object at 0x000002F295392260>	0	0	364	365	2	True	-189.0	M450-2025	M450-Strept	364
190.584	89.237	2	11539.909	2	<BeadTracker_V4.Bead object at 0x000002F2953930D0>	0	0	365	366	2	True	-187.0	M450-2025	M450-Strept	365
190.594	89.09	2	11530.703	2	<BeadTracker_V4.Bead object at 0x000002F2953914E0>	0	0	366	367	2	True	-185.0	M450-2025	M450-Strept	366
190.621	89.121	2	11573.311	2	<BeadTracker_V4.Bead object at 0x000002F295392D70>	0	0	367	368	2	True	-189.0	M450-2025	M450-Strept	367
190.646	89.23	2	11557.488	2	<BeadTracker_V4.Bead object at 0x000002F295390C70>	0	0	368	369	2	True	-183.0	M450-2025	M450-Strept	368
190.608	89.246	2	11601.959	2	<BeadTracker_V4.Bead object at 0x000002F295391090>	0	0	369	370	2	True	-182.0	M450-2025	M450-Strept	369
190.695	89.229	2	11556.773	2	<BeadTracker_V4.Bead object at 0x000002F2953901F0>	0	0	370	371	2	True	-185.0	M450-2025	M450-Strept	370
190.681	89.155	2	11603.868	2	<BeadTracker_V4.Bead object at 0x000002F292910550>	0	0	371	372	2	True	-183.0	M450-2025	M450-Strept	371
190.727	89.319	2	11620.706	2	<BeadTracker_V4.Bead object at 0x000002F292910BE0>	0	0	372	373	2	True	-183.0	M450-2025	M450-Strept	372
190.73	89.427	2	11630.714	2	<BeadTracker_V4.Bead object at 0x000002F292913160>	0	0	373	374	2	True	-176.0	M450-2025	M450-Strept	373
190.801	89.457	2	11622.749	2	<BeadTracker_V4.Bead object at 0x000002F291CAE290>	0	0	374	375	2	True	-175.0	M450-2025	M450-Strept	374
190.913	89.508	2	11642.799	2	<BeadTracker_V4.Bead object at 0x000002F291CAE5C0>	0	0	375	376	2	True	-174.0	M450-2025	M450-Strept	375
190.88	89.593	2	11666.565	2	<BeadTracker_V4.Bead object at 0x000002F291CAEDD0>	0	0	376	377	2	True	-176.0	M450-2025	M450-Strept	376
190.926	89.797	2	11673.518	2	<BeadTracker_V4.Bead object at 0x000002F291CACCD0>	0	0	377	378	2	True	-181.0	M450-2025	M450-Strept	377
190.865	89.748	2	11643.874	2	<BeadTracker_V4.Bead object at 0x000002F291CAF9A0>	0	0	378	379	2	True	-182.0	M450-2025	M450-Strept	378
190.946	89.617	2	11613.665	2	<BeadTracker_V4.Bead object at 0x000002F291CAFF40>	0	0	379	380	2	True	-180.0	M450-2025	M450-Strept	379
190.966	89.609	2	11694.139	2	<BeadTracker_V4.Bead object at 0x000002F2929A2140>	0	0	380	381	2	True	-175.0	M450-2025	M450-Strept	380
190.995	89.738	2	11690.241	2	<BeadTracker_V4.Bead object at 0x000002F2929A2EF0>	0	0	381	382	2	True	-181.0	M450-2025	M450-Strept	381
191.077	89.845	2	11713.267	2	<BeadTracker_V4.Bead object at 0x000002F2929A2650>	0	0	382	383	1	True	-178.0	M450-2025	M450-Strept	382
191.079	89.69	2	11661.277	2	<BeadTracker_V4.Bead object at 0x000002F2929A0C40>	0	0	383	384	2	True	-179.0	M450-2025	M450-Strept	383
191.163	89.69	2	11729.338	2	<BeadTracker_V4.Bead object at 0x000002F2929A15D0>	0	0	384	385	1	True	-173.0	M450-2025	M450-Strept	384
191.15	89.743	2	11768.152	2	<BeadTracker_V4.Bead object at 0x000002F2929A34F0>	0	0	385	386	1	True	-174.0	M450-2025	M450-Strept	385
191.173	89.84	2	11757.332	2	<BeadTracker_V4.Bead object at 0x000002F2929A0460>	0	0	386	387	1	True	-174.0	M450-2025	M450-Strept	386
191.241	89.833	2	11799.98	2	<BeadTracker_V4.Bead object at 0x000002F292A10A60>	0	0	387	388	1	True	-176.0	M450-2025	M450-Strept	387
191.203	89.646	2	11815.052	2	<BeadTracker_V4.Bead object at 0x000002F292A134C0>	0	0	388	389	1	True	-169.0	M450-2025	M450-Strept	388
191.272	89.775	2	11831.483	2	<BeadTracker_V4.Bead object at 0x000002F292A11270>	0	0	389	390	1	True	-172.0	M450-2025	M450-Strept	389
191.295	89.934	2	11790.87	2	<BeadTracker_V4.Bead object at 0x000002F292A121D0>	0	0	390	391	2	True	-175.0	M450-2025	M450-Strept	390
191.273	89.959	2	11811.729	2	<BeadTracker_V4.Bead object at 0x000002F292A12E60>	0	0	391	392	2	True	-176.0	M450-2025	M450-Strept	391
191.312	89.738	2	11839.295	2	<BeadTracker_V4.Bead object at 0x000002F292A10370>	0	0	392	393	1	True	-171.0	M450-2025	M450-Strept	392
191.318	89.664	2	11889.596	2	<BeadTracker_V4.Bead object at 0x000002F296840460>	0	0	393	394	1	True	-169.0	M450-2025	M450-Strept	393
191.348	89.855	2	11858.332	2	<BeadTracker_V4.Bead object at 0x000002F2968402B0>	0	0	394	395	1	True	-173.0	M450-2025	M450-Strept	394
191.35	89.896	2	11875.423	2	<BeadTracker_V4.Bead object at 0x000002F296841C60>	0	0	395	396	2	True	-174.0	M450-2025	M450-Strept	395
191.401	89.695	2	11845.658	2	<BeadTracker_V4.Bead object at 0x000002F296842D10>	0	0	396	397	1	True	-169.0	M450-2025	M450-Strept	396
191.425	89.618	2	11894.32	2	<BeadTracker_V4.Bead object at 0x000002F296843190>	0	0	397	398	1	True	-164.0	M450-2025	M450-Strept	397
191.452	89.741	2	11914.706	2	<BeadTracker_V4.Bead object at 0x000002F296843A90>	0	0	398	399	1	True	-170.0	M450-2025	M450-Strept	398
191.509	89.912	2	11906.908	2	<BeadTracker_V4.Bead object at 0x000002F296695750>	0	0	399	400	2	True	-171.0	M450-2025	M450-Strept	399
191.571	89.814	2	11919.412	2	<BeadTracker_V4.Bead object at 0x000002F296695C60>	0	0	400	401	2	True	-166.0	M450-2025	M450-Strept	400
191.58	89.654	2	11916.416	2	<BeadTracker_V4.Bead object at 0x000002F296695390>	0	0	401	402	1	True	-168.0	M450-2025	M450-Strept	401
191.599	89.763	2	11905.996	2	<BeadTracker_V4.Bead object at 0x000002F2966960B0>	0	0	402	403	1	True	-172.0	M450-2025	M450-Strept	402
191.59	89.877	2	11952.454	2	<BeadTracker_V4.Bead object at 0x000002F296696B00>	0	0	403	404	2	True	-169.0	M450-2025	M450-Strept	403
191.643	89.85	2	11911.728	2	<BeadTracker_V4.Bead object at 0x000002F296697460>	0	0	404	405	1	True	-168.0	M450-2025	M450-Strept	404
191.649	89.627	2	11942.613	2	<BeadTracker_V4.Bead object at 0x000002F296697E20>	0	0	405	406	1	True	-166.0	M450-2025	M450-Strept	405
191.704	89.648	2	11955.223	2	<BeadTracker_V4.Bead object at 0x000002F2954BF1C0>	0	0	406	407	1	True	-164.0	M450-2025	M450-Strept	406
191.686	89.78	2	12000.675	2	<BeadTracker_V4.Bead object at 0x000002F2954BFB20>	0	0	407	408	1	True	-164.0	M450-2025	M450-Strept	407
191.692	89.743	2	12014.012	2	<BeadTracker_V4.Bead object at 0x000002F2954BDF90>	0	0	408	409	1	True	-162.0	M450-2025	M450-Strept	408
191.761	89.514	2	11963.345	2	<BeadTracker_V4.Bead object at 0x000002F2954BD5D0>	0	0	409	410	1	True	-159.0	M450-2025	M450-Strept	409
191.824	89.447	2	11997.227	2	<BeadTracker_V4.Bead object at 0x000002F2954BCC10>	0	0	410	411	1	True	-160.0	M450-2025	M450-Strept	410
191.852	89.529	2	12029.938	2	<BeadTracker_V4.Bead object at 0x000002F2954BC2B0>	0	0	411	412	1	True	-158.0	M450-2025	M450-Strept	411
191.855	89.661	2	12019.294	2	<BeadTracker_V4.Bead object at 0x000002F29297A1D0>	0	0	412	413	1	True	-161.0	M450-2025	M450-Strept	412
191.904	89.52	2	12007.808	2	<BeadTracker_V4.Bead object at 0x000002F29297A7A0>	0	0	413	414	1	True	-155.0	M450-2025	M450-Strept	413
191.998	89.408	2	11993.504	2	<BeadTracker_V4.Bead object at 0x000002F292978940>	0	0	414	415	1	True	-161.0	M450-2025	M450-Strept	414
191.989	89.499	2	12019.74	2	<BeadTracker_V4.Bead object at 0x000002F29297A230>	0	0	415	416	1	True	-158.0	M450-2025	M450-Strept	415
191.999	89.581	2	12055.664	2	<BeadTracker_V4.Bead object at 0x000002F29297B2B0>	0	0	416	417	1	True	-161.0	M450-2025	M450-Strept	416
191.996	89.509	2	12040.988	2	<BeadTracker_V4.Bead object at 0x000002F292978610>	0	0	417	418	1	True	-156.0	M450-2025	M450-Strept	417
192.023	89.261	2	12077.702	2	<BeadTracker_V4.Bead object at 0x000002F2920954B0>	0	0	418	419	1	True	-160.0	M450-2025	M450-Strept	418
192.074	89.254	2	12053.779	2	<BeadTracker_V4.Bead object at 0x000002F292096320>	0	0	419	420	1	True	-161.0	M450-2025	M450-Strept	419
192.048	89.33	2	12105.07	2	<BeadTracker_V4.Bead object at 0x000002F292096F50>	0	0	420	421	1	True	-158.0	M450-2025	M450-Strept	420
192.067	89.245	2	12103.054	2	<BeadTracker_V4.Bead object at 0x000002F292095210>	0	0	421	422	1	True	-160.0	M450-2025	M450-Strept	421
192.119	89.061	2	12067.884	2	<BeadTracker_V4.Bead object at 0x000002F292097490>	0	0	422	423	1	True	-162.0	M450-2025	M450-Strept	422
192.157	88.957	2	12113.873	2	<BeadTracker_V4.Bead object at 0x000002F2920958A0>	0	0	423	424	1	True	-160.0	M450-2025	M450-Strept	423
192.165	89.026	2	12077.871	2	<BeadTracker_V4.Bead object at 0x000002F2920963B0>	0	0	424	425	1	True	-162.0	M450-2025	M450-Strept	424
192.174	89.071	2	12140.276	2	<BeadTracker_V4.Bead object at 0x000002F292056F20>	0	0	425	426	1	True	-162.0	M450-2025	M450-Strept	425
192.262	88.909	2	12103.392	2	<BeadTracker_V4.Bead object at 0x000002F292056DD0>	0	0	426	427	1	True	-160.0	M450-2025	M450-Strept	426
192.294	88.796	2	12159.535	2	<BeadTracker_V4.Bead object at 0x000002F2920546D0>	0	0	427	428	1	True	-157.0	M450-2025	M450-Strept	427
192.336	88.847	2	12180.263	2	<BeadTracker_V4.Bead object at 0x000002F292057670>	0	0	428	429	1	True	-159.0	M450-2025	M450-Strept	428
192.331	88.855	2	12193.382	2	<BeadTracker_V4.Bead object at 0x000002F292056920>	0	0	429	430	1	True	-156.0	M450-2025	M450-Strept	429
192.409	88.753	2	12175.48	2	<BeadTracker_V4.Bead object at 0x000002F292056FB0>	0	0	430	431	1	True	-156.0	M450-2025	M450-Strept	430
192.494	88.645	2	12189.212	2	<BeadTracker_V4.Bead object at 0x000002F295352290>	0	0	431	432	1	True	-153.0	M450-2025	M450-Strept	431
192.503	88.59	2	12239.67	2	<BeadTracker_V4.Bead object at 0x000002F295350250>	0	0	432	433	1	True	-153.0	M450-2025	M450-Strept	432
192.501	88.718	2	12189.24	2	<BeadTracker_V4.Bead object at 0x000002F295351570>	0	0	433	434	1	True	-157.0	M450-2025	M450-Strept	433
192.513	88.545	2	12170.917	2	<BeadTracker_V4.Bead object at 0x000002F295352BF0>	0	0	434	435	1	True	-152.0	M450-2025	M450-Strept	434
192.666	89.063	2	12168.222	2	<BeadTracker_V4.Bead object at 0x000002F2953512A0>	0	0	435	436	1	True	-156.0	M450-2025	M450-Strept	435
192.567	89.426	2	12046.809	2	<BeadTracker_V4.Bead object at 0x000002F295352380>	0	0	436	437	1	True	-157.0	M450-2025	M450-Strept	436
192.53	89.949	2	12016.787	2	<BeadTracker_V4.Bead object at 0x000002F291D7AB60>	0	0	437	438	1	True	-167.0	M450-2025	M450-Strept	437
192.426	89.931	2	11985.08	2	<BeadTracker_V4.Bead object at 0x000002F291D7A5F0>	0	0	438	439	1	True	-171.0	M450-2025	M450-Strept	438
192.294	90.364	2	11923.598	2	<BeadTracker_V4.Bead object at 0x000002F291D7AD40>	0	0	439	440	1	True	-165.0	M450-2025	M450-Strept	439
192.169	90.381	2	11798.954	2	<BeadTracker_V4.Bead object at 0x000002F291D78850>	0	0	440	441	1	True	-176.0	M450-2025	M450-Strept	440
192.076	90.305	2	11788.779	2	<BeadTracker_V4.Bead object at 0x000002F291D7B7F0>	0	0	441	442	1	True	-171.0	M450-2025	M450-Strept	441
191.918	90.404	2	11738.083	2	<BeadTracker_V4.Bead object at 0x000002F291D7B970>	0	0	442	443	1	True	-173.0	M450-2025	M450-Strept	442
191.788	90.202	2	11619.289	2	<BeadTracker_V4.Bead object at 0x000002F291D7B3D0>	0	0	443	444	2	True	-184.0	M450-2025	M450-Strept	443
191.586	90.244	2	11592.179	2	<BeadTracker_V4.Bead object at 0x000002F2929F81F0>	0	0	444	445	2	True	-183.0	M450-2025	M450-Strept	444
191.457	89.949	2	11416.969	2	<BeadTracker_V4.Bead object at 0x000002F2929F9DB0>	0	0	445	446	1	True	-203.0	M450-2025	M450-Strept	445
191.321	89.847	2	11377.842	2	<BeadTracker_V4.Bead object at 0x000002F2929F9330>	0	0	446	447	2	True	-197.0	M450-2025	M450-Strept	446
191.204	89.745	2	11325.4	2	<BeadTracker_V4.Bead object at 0x000002F2929FB130>	0	0	447	448	2	True	-201.0	M450-2025	M450-Strept	447
191.113	89.443	2	11271.487	2	<BeadTracker_V4.Bead object at 0x000002F2929F80A0>	0	0	448	449	2	True	-196.0	M450-2025	M450-Strept	448
191.047	89.541	2	11223.604	2	<BeadTracker_V4.Bead object at 0x000002F2929FAC50>	0	0	449	450	2	True	-194.0	M450-2025	M450-Strept	449
191.095	89.66	0	8705.036	2	<BeadTracker_V4.Bead object at 0x000002F291DE7CD0>	1	31	450	451	2	True	-203.0	M450-2025	M450-Strept	450
190.993	89.604	0	11088.676	2	<BeadTracker_V4.Bead object at 0x000002F291DE70A0>	2	31	451	452	2	False	-203.0	M450-2025	M450-Strept	451
190.858	89.479	0	13101.79	2	<BeadTracker_V4.Bead object at 0x000002F291DE5660>	3	31	452	453	2	False	-203.0	M450-2025	M450-Strept	452
190.917	89.358	0	8617.289	2	<BeadTracker_V4.Bead object at 0x000002F291DE70D0>	1	32	453	454	2	True	-236.0	M450-2025	M450-Strept	453
190.812	89.133	0	10917.746	2	<BeadTracker_V4.Bead object at 0x000002F291DE72B0>	2	32	454	455	2	False	-236.0	M450-2025	M450-Strept	454
190.684	89.163	0	13038.62	2	<BeadTracker_V4.Bead object at 0x000002F291DE6B30>	3	32	455	456	2	False	-236.0	M450-2025	M450-Strept	455
190.817	89.131	0	8543.726	2	<BeadTracker_V4.Bead object at 0x000002F291DE4040>	1	33	456	457	2	True	-240.0	M450-2025	M450-Strept	456
190.647	89.2	0	10787.64	2	<BeadTracker_V4.Bead object at 0x000002F292DEC3A0>	2	33	457	458	2	False	-240.0	M450-2025	M450-Strept	457
190.614	89.224	0	12956.184	2	<BeadTracker_V4.Bead object at 0x000002F292DED960>	3	33	458	459	2	False	-240.0	M450-2025	M450-Strept	458
190.758	89.279	0	8408.5	2	<BeadTracker_V4.Bead object at 0x000002F292DEF340>	1	34	459	460	2	True	-244.0	M450-2025	M450-Strept	459
190.77	89.217	0	10720.945	2	<BeadTracker_V4.Bead object at 0x000002F292DEFDC0>	2	34	460	461	2	False	-244.0	M450-2025	M450-Strept	460
190.644	89.139	0	12908.029	2	<BeadTracker_V4.Bead object at 0x000002F292DEE380>	3	34	461	462	2	False	-244.0	M450-2025	M450-Strept	461
190.651	89.071	0	8309.753	2	<BeadTracker_V4.Bead object at 0x000002F292DEF0D0>	1	35	462	463	2	True	-251.0	M450-2025	M450-Strept	462
190.511	89.213	0	10570.353	2	<BeadTracker_V4.Bead object at 0x000002F292DD0AC0>	2	35	463	464	2	False	-251.0	M450-2025	M450-Strept	463
190.324	89.272	0	12762.355	2	<BeadTracker_V4.Bead object at 0x000002F292DD3F40>	3	35	464	465	2	False	-251.0	M450-2025	M450-Strept	464
190.48	89.46	0	8162.512	2	<BeadTracker_V4.Bead object at 0x000002F292DD2290>	1	36	465	466	2	True	-250.0	M450-2025	M450-Strept	465
190.374	89.367	0	10601.157	2	<BeadTracker_V4.Bead object at 0x000002F292DD27D0>	2	36	466	467	2	False	-250.0	M450-2025	M450-Strept	466
190.222	89.167	0	12793.778	2	<BeadTracker_V4.Bead object at 0x000002F292DD0850>	3	36	467	468	2	False	-250.0	M450-2025	M450-Strept	467
190.375	89.227	0	8124.427	2	<BeadTracker_V4.Bead object at 0x000002F292DD06A0>	1	37	468	469	2	True	-255.0	M450-2025	M450-Strept	468
190.313	89.283	0	10474.434	2	<BeadTracker_V4.Bead object at 0x000002F292DD2050>	2	37	469	470	2	False	-255.0	M450-2025	M450-Strept	469
190.215	89.338	0	12688.249	2	<BeadTracker_V4.Bead object at 0x000002F291D15330>	3	37	470	471	2	False	-255.0	M450-2025	M450-Strept	470
190.253	89.182	0	8119.672	2	<BeadTracker_V4.Bead object at 0x000002F291D15300>	1	38	471	472	2	True	-257.0	M450-2025	M450-Strept	471
190.234	89.33	0	10447.779	2	<BeadTracker_V4.Bead object at 0x000002F291D14370>	2	38	472	473	2	False	-257.0	M450-2025	M450-Strept	472
190.132	89.149	0	12652.303	2	<BeadTracker_V4.Bead object at 0x000002F291D17160>	3	38	473	474	2	False	-257.0	M450-2025	M450-Strept	473
190.288	89.356	0	8019.535	2	<BeadTracker_V4.Bead object at 0x000002F291D17B50>	1	39	474	475	2	True	-262.0	M450-2025	M450-Strept	474
190.184	89.228	0	10295.838	2	<BeadTracker_V4.Bead object at 0x000002F291D17880>	2	39	475	476	2	False	-262.0	M450-2025	M450-Strept	475
190.048	89.156	0	12635.506	2	<BeadTracker_V4.Bead object at 0x000002F291D64D00>	3	39	476	477	2	False	-262.0	M450-2025	M450-Strept	476
190.211	89.232	0	7959.67	2	<BeadTracker_V4.Bead object at 0x000002F291D65150>	1	40	477	478	2	True	-263.0	M450-2025	M450-Strept	477
190.095	89.308	0	10248.455	2	<BeadTracker_V4.Bead object at 0x000002F291D67460>	2	40	478	479	2	False	-263.0	M450-2025	M450-Strept	478
189.97	89.254	0	12511.691	2	<BeadTracker_V4.Bead object at 0x000002F291D66350>	3	40	479	480	2	False	-263.0	M450-2025	M450-Strept	479
