idxLoop;idxAnalysis;T;Tabs;B;F;dx;dy;dz;D2;D3
1;0;0.0;37790.802;5.008;99.94385941849933;4.536518987341772;0.044367088607594515;-1.1118000000000001;4.5367359368894205;4.670981931142951
1;0;0.3179999999993015;37791.12;5.008;98.63937157669476;4.53645569620253;0.03797468354430433;-1.1492;4.536614636510211;4.679907370899414
1;0;0.9189999999944121;37791.721;5.007;98.28274630198882;4.537721518987341;0.03177215189873388;-1.1560000000000001;4.537832748517409;4.682762224746956
1;0;1.5179999999963911;37792.32;5.007;97.3291137541811;4.537151898734177;0.05031645569620264;-1.1831999999999998;4.537430891804411;4.689162114696076
1;0;2.117999999994936;37792.92;5.007;97.28227935356773;4.532784810126583;0.04974683544303806;-1.1933999999999998;4.533057785044316;4.6875170871742835
1;0;2.7179999999934807;37793.52;5.007;97.96192278356763;4.5336708860759485;0.04411392405063308;-1.1729999999999998;4.533885501592185;4.683166315811111
1;0;3.3189999999958673;37794.121;5.005;96.95984642207648;4.535189873417722;0.022341772151898382;-1.1967999999999999;4.535244904383173;4.69049854309044
1;0;3.918999999994412;37794.721;5.007;96.63749446077846;4.531835443037975;0.023101265822785384;-1.2138;4.531894322604821;4.6916283517833985
1;0;4.519000000000233;37795.321;5.008;95.96212834545811;4.529430379746836;0.0217721518987347;-1.2376;4.529482706841022;4.695515664074807
1;0;5.118999999998778;37795.921;5.007;95.48016824829278;4.52506329113924;0.032025316455696215;-1.258;4.525176616410676;4.6967847949112995
1;-1;5.717999999993481;37796.52;4.994;97.01616176661543;4.507974683544305;0.019683544303797915;-1.2409999999999999;4.508017656286711;4.675714297237667
1;-1;6.2739999999976135;37797.076;4.98;96.28053197948195;4.50759493670886;0.027278481012658062;-1.2511999999999999;4.507677476147745;4.678104067778923
1;-1;6.373999999996158;37797.176;4.963;96.73171544423471;4.507405063291139;0.03392405063291148;-1.2273999999999998;4.507532722653707;4.671655167688851
1;-1;6.472999999998137;37797.275;4.929;95.07852740375262;4.507151898734176;0.03867088607594963;-1.2478;4.507317791735234;4.676849208141416
1;-1;6.572999999996682;37797.375;4.861;94.30309744079838;4.508417721518987;0.04031645569620256;-1.2171999999999998;4.5085979825558145;4.670014090803834
1;-1;6.673999999999069;37797.476;4.756;90.9251499697138;4.50993670886076;0.03797468354430344;-1.2308;4.510096583724136;4.6750229768975595
1;-1;6.7739999999976135;37797.576;4.583;86.33974201281703;4.506962025316455;0.030949367088607866;-1.2376;4.507068288917729;4.673897551398381
1;-1;6.8729999999995925;37797.675;4.311;78.73676983955424;4.508481012658228;0.028734177215189463;-1.2511999999999999;4.508572578371118;4.678966566929068
1;-1;6.972999999998137;37797.775;3.942;69.60788321507498;4.506645569620252;0.030126582278480953;-1.2444;4.5067462654489026;4.675392310933664
1;-1;7.072999999996682;37797.875;3.505;57.332251787844115;4.5015822784810124;0.03322784810126618;-1.3124;4.50170491034494;4.689108748986714
1;-1;7.173999999999069;37797.976;3.069;46.3476458874946;4.495443037974683;0.04075949367088552;-1.36;4.495627814221208;4.696836109978648
1;-1;7.2739999999976135;37798.076;2.698;38.580909000990644;4.494303797468354;0.03930379746835412;-1.3328;4.494475654893894;4.687927820736354
1;-1;7.373999999996158;37798.176;2.432;32.77512559723453;4.489620253164556;0.037721518987342;-1.3464;4.489778717333415;4.68731329128106
1;-1;7.472999999998137;37798.275;2.26;28.852546557216453;4.49246835443038;0.0326582278481016;-1.3702;4.492587058188699;4.696891154306707
1;-1;7.573999999993248;37798.376;2.15;26.92287705714654;4.488797468354431;0.028227848101265694;-1.3532;4.488886223030561;4.688416551812944
1;-1;7.673999999999069;37798.476;2.085;25.364178049611954;4.489367088607594;0.02734177215189887;-1.377;4.489450348180435;4.695880474285672
1;-1;7.7739999999976135;37798.576;2.053;24.99598689335248;4.487341772151898;0.0333544303797469;-1.3566;4.48746573225081;4.688039276512654
1;-1;7.8729999999995925;37798.675;2.034;24.40870415500216;4.489493670886076;0.03208860759493702;-1.3736000000000002;4.489608345909865;4.695035682469677
1;-1;7.972999999998137;37798.775;2.023;24.064525019108224;4.486835443037975;0.03727848101265814;-1.3905999999999998;4.486990302869887;4.697536624449925
1;-1;8.072999999996682;37798.875;2.007;23.956745952516634;4.4876582278481;0.03139240506329083;-1.3702;4.487768025763855;4.69228194944298
1;-1;8.173999999999069;37798.976;2.006;23.859112954311513;4.488164556962026;0.029556962025316377;-1.377;4.488261880101729;4.694744264001428
1;-1;8.273999999997613;37799.076;2.006;24.035780693763382;4.488164556962026;0.01936708860759477;-1.36;4.488206342682038;4.689733060046304
1;-1;8.372999999999593;37799.175;2.007;23.79931598580168;4.486772151898735;0.01689873417721493;-1.3871999999999998;4.486803975021729;4.696353239511567
1;-1;8.473999999994703;37799.276;2.009;23.881399868144946;4.48626582278481;0.01791139240506247;-1.3838;4.486301578211718;4.694869997205988
1;-1;8.572999999996682;37799.375;2.004;23.699512534737405;4.487151898734177;0.022974683544303768;-1.3905999999999998;4.487210714731111;4.697747157776553
1;-1;8.672999999995227;37799.475;2.006;23.783999517720563;4.484556962025317;0.010189873417721604;-1.3905999999999998;4.48456853879724;4.695223459982497
1;-1;8.773999999997613;37799.576;2.006;23.68782058806491;4.486012658227849;0.01632911392405125;-1.3974;4.486042377167434;4.698649057946554
1;-1;8.872999999999593;37799.675;2.007;23.78264625503925;4.479556962025317;0.016139240506328825;-1.4007999999999998;4.479586035686066;4.693498875158447
1;-1;8.972999999998137;37799.775;2.004;23.378986099851534;4.483164556962024;0.024936708860758938;-1.428;4.483233909160809;4.7051642143765084
1;-1;9.072999999996682;37799.875;2.009;23.745148209437602;4.4798101265822785;0.016708860759494303;-1.4076;4.479841286949462;4.6957763699155235
1;-1;9.173999999999069;37799.976;2.006;23.558242902635616;4.478987341772152;0.026012658227848186;-1.4211999999999998;4.479062878118954;4.699129036975177
1;-1;9.273999999997613;37800.076;2.01;23.881692436567313;4.479240506329113;0.009113924050633257;-1.3974;4.479249778383774;4.69216424873971
1;-1;9.372999999999593;37800.175;2.006;23.703970460692066;4.478924050632912;0.009620253164557026;-1.4076;4.478934382262022;4.694911177073415
1;-1;9.472999999998137;37800.275;2.004;23.757320791102334;4.4798101265822785;0.006392405063291081;-1.3974;4.4798146873583535;4.692703527080272
1;-1;9.573999999993248;37800.376;2.009;23.82990271398962;4.481139240506329;0.005189873417721116;-1.3974;4.481142245855596;4.693970876304169
1;-1;9.673999999999069;37800.476;2.006;23.58750496477744;4.479493670886074;0.008354430379747152;-1.4178;4.479501461548525;4.69851999932057
1;-1;9.773999999997613;37800.576;2.004;23.381923292470248;4.481012658227848;-0.002151898734176697;-1.4314;4.481013174926667;4.704081741835102
1;-1;9.872999999999593;37800.675;2.009;23.448992465740083;4.4783544303797465;0.0079746835443041;-1.4382;4.478361530702891;4.7036306444787455
1;-1;9.972999999998137;37800.775;2.006;23.557598655406732;4.481265822784811;0.0008227848101269133;-1.4178;4.4812658983186955;4.700202218142754
1;-1;10.072999999996682;37800.875;2.007;23.318959244008344;4.477468354430379;0.0018987341772152618;-1.4484;4.4774687570229865;4.705910010839239
1;1;10.172999999995227;37800.975;2.009;23.605438622549542;4.477594936708861;-6.329113924080853e-05;-1.4245999999999999;4.477594937156175;4.69875957900025
1;1;10.185999999994237;37800.988;2.019;23.88232149039443;4.478797468354429;-0.0003164556962022438;-1.4143999999999999;4.478797479534239;4.696823844118731
1;1;10.197999999996682;37801.0;2.032;24.005562840324767;4.479683544303798;0.00018987341772152617;-1.4245999999999999;4.479683548327734;4.700749924550141
1;1;10.209999999999127;37801.012;2.047;24.32377456958581;4.475696202531645;0.003417721518987471;-1.428;4.475697507448037;4.6979838418385995
1;1;10.221999999994296;37801.024;2.075;24.893205319179856;4.478037974683544;0.001075949367089248;-1.4211999999999998;4.478038103944063;4.698152264494515
1;1;10.233000000000175;37801.035;2.103;25.458646198478803;4.476645569620254;0.00012658227848071765;-1.4211999999999998;4.4766455714098825;4.696824992697057
1;1;10.244999999995343;37801.047;2.137;25.778501624757897;4.480063291139241;-0.0018987341772152618;-1.4449999999999998;4.480063693498659;4.707334245388237
1;1;10.256999999997788;37801.059;2.178;26.682487594263556;4.478481012658229;-0.00297468354430361;-1.4382;4.478482000575916;4.703745344880232
1;1;10.269000000000233;37801.071;2.224;27.769273381845768;4.479683544303798;0.00493670886075968;-1.4211999999999998;4.47968626448333;4.6997232331490135
1;1;10.281999999999243;37801.084;2.277;29.005929032311077;4.479303797468355;-0.0022151898734175056;-1.4076;4.479304345217079;4.6952641221853115
1;1;10.293999999994412;37801.096;2.331;29.778995774685722;4.477278481012658;0.0006962025316452962;-1.4347999999999999;4.477278535141295;4.701560817562289
1;1;10.305999999996857;37801.108;2.396;30.830334645042868;4.478417721518986;-0.003227848101265945;-1.4518;4.478418884764876;4.70786139849281
1;1;10.317999999999302;37801.12;2.462;32.37644704887162;4.477974683544304;-0.0030379746835444187;-1.4382;4.477975714064771;4.703263307083061
1;1;10.32999999999447;37801.132;2.533;34.26312243342852;4.479683544303797;-0.0003164556962022438;-1.4076;4.479683555481396;4.695625891960564
1;1;10.341999999996915;37801.144;2.611;35.93508669164199;4.478734177215189;-0.0066455696202525165;-1.4076;4.47873910757827;4.694724885842726
1;1;10.35399999999936;37801.156;2.697;37.63322524772137;4.479746835443037;-0.009683544303797835;-1.4143999999999999;4.479757301539023;4.697739120118548
1;1;10.365999999994528;37801.168;2.785;39.736422138692916;4.47879746835443;-0.010189873417721604;-1.4042;4.478809060013423;4.693773347324977
1;1;10.377999999996973;37801.18;2.88;41.305771280515785;4.477088607594936;-0.008734177215190203;-1.4347999999999999;4.477097127169344;4.701388063764572
1;1;10.389999999999418;37801.192;2.979;43.67610775000279;4.477025316455697;-0.009303797468353883;-1.4245999999999999;4.4770349836507375;4.698225984862005
1;1;10.401999999994587;37801.204;3.082;45.513727027358314;4.4781645569620245;-0.00841772151898796;-1.4449999999999998;4.478172468459255;4.705534364688718
1;1;10.413999999997031;37801.216;3.193;48.6291758177243;4.476645569620252;-0.011645569620253005;-1.4178;4.476660717018033;4.69581175253996
1;1;10.425999999999476;37801.228;3.31;51.549205234166756;4.478291139240507;-0.01696202531645574;-1.4042;4.47832326190315;4.693309799928285
1;1;10.43699999999808;37801.239;3.431;53.934110566055175;4.476582278481012;-0.01829113924050642;-1.4245999999999999;4.476619646763053;4.697830203592395
1;1;10.448999999993248;37801.251;3.556;56.77629131230405;4.4781645569620245;-0.022025316455696137;-1.4245999999999999;4.478218721076033;4.6993540060093215
1;1;10.460999999995693;37801.263;3.689;60.17708503751581;4.475886075949367;-0.0253797468354428;-1.4178;4.47595803112885;4.695141865420773
1;1;10.472999999998137;37801.275;3.821;63.13371723315682;4.479936708860759;-0.028037974683544166;-1.4178;4.480024446743848;4.699018608541844
1;1;10.484999999993306;37801.287;3.966;66.47800729466616;4.478481012658229;-0.02487341772151903;-1.4245999999999999;4.478550085423788;4.699669778574812
1;1;10.495999999999185;37801.298;4.115;70.226029980831;4.475443037974682;-0.025189873417721272;-1.4245999999999999;4.475513927570649;4.6967765622689415
1;1;10.507999999994354;37801.31;4.271;73.91768297584423;4.477468354430378;-0.0318987341772155;-1.4245999999999999;4.477581980731072;4.698747232419254
1;1;10.519999999996799;37801.322;4.429;77.978914145004;4.478417721518986;-0.030000000000000235;-1.4178;4.478518202309254;4.697582583458785
1;1;10.531999999999243;37801.334;4.59;81.82384096643909;4.476772151898734;-0.021265822784810033;-1.4245999999999999;4.4768226606863415;4.698023658437102
1;1;10.543999999994412;37801.346;4.759;86.17638058153884;4.47867088607595;-0.0203164556962033;-1.4178;4.47871696629251;4.697772078779088
1;1;10.555999999996857;37801.358;4.934;90.57089174848514;4.480696202531646;-0.026518987341771955;-1.4143999999999999;4.480774678118856;4.698709298953399
1;1;10.567999999999302;37801.37;5.118;95.23091225473854;4.47626582278481;-0.03278481012658232;-1.4211999999999998;4.47638588149038;4.696577477270699
1;1;10.58299999999872;37801.385;5.301;99.72227551397103;4.478481012658228;-0.03177215189873388;-1.4211999999999998;4.478593713474861;4.6986818460475215
1;1;10.59599999999773;37801.398;5.49;103.2151452103262;4.479177215189873;-0.03911392405063259;-1.4484;4.479347990961491;4.707698055751956
1;1;10.606999999996333;37801.409;5.689;107.71827737684922;4.479493670886076;-0.043481012658227694;-1.4586;4.479704694058549;4.711185424706843
1;1;10.618999999998778;37801.421;5.889;113.73238588454028;4.480379746835443;-0.04924050632911429;-1.4382;4.4806503214730755;4.705809871139799
1;1;10.630999999993946;37801.433;6.097;119.62882185225563;4.482088607594936;-0.04968354430379725;-1.4245999999999999;4.48236396791993;4.7033043597992785
1;1;10.642999999996391;37801.445;6.311;125.51751208431544;4.482151898734178;-0.04974683544303806;-1.4178;4.482427957141419;4.7013101611107295
1;1;10.654999999998836;37801.457;6.525;131.66406615222164;4.480126582278481;-0.04329113924050617;-1.4109999999999998;4.480335736970501;4.697268282307814
1;1;10.666999999994005;37801.469;6.75;137.24069729374867;4.482974683544303;-0.05025316455696183;-1.4109999999999998;4.483256338181784;4.700054084140643
1;1;10.67899999999645;37801.481;6.98;142.9371492487094;4.481772151898733;-0.049936708860759585;-1.4178;4.482050345146387;4.700950131242284
1;1;10.689999999995052;37801.492;7.211;149.83626897876462;4.4818354430379745;-0.054936708860760075;-1.4042;4.482172127490403;4.696982501612269
1;1;10.700999999993655;37801.503;7.45;157.34036037159356;4.481265822784811;-0.05411392405063316;-1.3871999999999998;4.481592539626442;4.6913745886717875
1;1;10.715999999993073;37801.518;7.698;162.12079830556576;4.483987341772151;-0.057974683544303594;-1.4076;4.484362111282378;4.700089499690931
1;1;10.724999999998545;37801.527;7.949;169.6833873436983;4.484050632911392;-0.0608860759493673;-1.394;4.484463980539655;4.69613172651253
1;1;10.736999999993714;37801.539;8.2;176.06896512588136;4.483797468354431;-0.059430379746834995;-1.3974;4.484191310287559;4.69688178127345
1;1;10.748999999996158;37801.551;8.463;183.58207619913924;4.483481012658228;-0.054556962025316125;-1.3905999999999998;4.4838129368844415;4.694501764082348
1;1;10.765999999995984;37801.568;8.73;189.53500123619324;4.483101265822784;-0.05569620253164618;-1.4042;4.483447225807201;4.698199300433974
1;1;10.772999999993772;37801.575;9.001;197.02517798619394;4.482341772151898;-0.05531645569620312;-1.4007999999999998;4.482683088580834;4.696454866454974
1;1;10.78399999999965;37801.586;9.277;205.22197276510803;4.483860759493671;-0.05848101265822736;-1.3871999999999998;4.4842421142673246;4.693905748879997
1;1;10.797999999995227;37801.6;9.559;215.16762596944645;4.483481012658227;-0.06151898734177178;-1.36;4.483903051658276;4.685614855776176
1;1;10.809999999997672;37801.612;9.845;222.445550766064;4.485189873417722;-0.0653164556962023;-1.36;4.485665440042714;4.687301402725623
1;1;10.819999999999709;37801.622;10.139;229.00267061310194;4.484367088607595;-0.06443037974683548;-1.3736000000000002;4.484829925339564;4.690466546008113
1;1;10.831999999994878;37801.634;10.438;237.95858419826817;4.481962025316455;-0.05791139240506279;-1.3668;4.48233614600122;4.686094276233574
1;1;10.843999999997322;37801.646;10.742;250.05716722175003;4.4864556962025315;-0.0623417721518987;-1.3192;4.486888811921149;4.6768001721843095
1;1;10.855999999999767;37801.658;11.052;259.33358044645905;4.480949367088608;-0.06132911392405026;-1.3192;4.481369042003404;4.671504803660862
1;1;10.867999999994936;37801.67;11.367;263.2742163469755;4.484050632911392;-0.06417721518987315;-1.3532;4.484509872155772;4.6842266206346785
1;1;10.881999999997788;37801.684;11.684;272.3025116385481;4.4840506329113925;-0.061392405063291064;-1.3464;4.484470883606282;4.682229390569466
1;1;10.894000000000233;37801.696;12.012;284.0284756259252;4.482025316455696;-0.06398734177215253;-1.3226;4.4824820487378245;4.67353357506468
1;1;10.904999999998836;37801.707;12.342;283.2840935021515;4.48493670886076;-0.06151898734177178;-1.394;4.485358610890588;4.69698604088732
1;1;10.916999999994005;37801.719;12.675;292.18199523069455;4.486329113924051;-0.06715189873417766;-1.3871999999999998;4.486831654513702;4.696379683963613
1;1;10.92899999999645;37801.731;13.017;306.0754899430188;4.486075949367089;-0.06892405063291131;-1.3464;4.486605392526234;4.684273786644572
1;1;10.940999999998894;37801.743;13.368;319.2493676047177;4.485126582278481;-0.06727848101265838;-1.3158;4.485631154371525;4.674635439589746
1;1;10.952999999994063;37801.755;13.718;332.6070904087462;4.485759493670886;-0.06873417721518978;-1.2818;4.486286061117362;4.6658090254719955
1;1;10.964999999996508;37801.767;14.074;336.5909781652179;4.487278481012659;-0.07651898734177234;-1.3158;4.487930850802303;4.676842199773591
1;1;10.97599999999511;37801.778;14.44;353.5305113533634;4.485316455696202;-0.07867088607594905;-1.2648;4.486006332591954;4.660898181258105
1;1;10.987999999997555;37801.79;14.808;364.0831357983349;4.488354430379747;-0.07601265822784768;-1.2511999999999999;4.488998041536704;4.660107816018892
1;1;11.002999999996973;37801.805;15.177;372.07690092223885;4.4860759493670885;-0.07626582278481002;-1.2648;4.486724183545816;4.661589100211951
1;1;11.013999999995576;37801.816;15.56;376.6055065670419;4.48753164556962;-0.07651898734177234;-1.2953999999999999;4.488183978561104;4.671387008738687
1;1;11.023999999997613;37801.826;15.945;388.96496769932816;4.488670886075949;-0.07531645569620238;-1.275;4.489302717795325;4.666847318265779
1;1;11.036000000000058;37801.838;16.335;394.99921344517907;4.489367088607594;-0.08329113924050649;-1.2953999999999999;4.49013967156357;4.673266034600321
1;1;11.047999999995227;37801.85;16.733;409.5852817634212;4.489683544303797;-0.08018987341772126;-1.2648;4.490399619609713;4.665126770388031
1;1;11.059999999997672;37801.862;17.127;423.27557673385706;4.490949367088608;-0.08069620253164593;-1.2376;4.491674308635544;4.659054824195203
1;1;11.072999999996682;37801.875;17.536;431.039571793061;4.494050632911392;-0.08297468354430423;-1.2444;4.494816557912076;4.663894000648017
1;1;11.084999999999127;37801.887;17.947;445.0338305727759;4.492341772151898;-0.0790506329113921;-1.224;4.493037235588477;4.656775665670888
1;1;11.096999999994296;37801.899;18.366;448.92212301342175;4.490886075949367;-0.0812025316455688;-1.2613999999999999;4.491620152940535;4.665381180386181
1;1;11.10899999999674;37801.911;18.781;462.31511243381686;4.491075949367088;-0.08025316455696206;-1.2409999999999999;4.491792933050777;4.6600734708161955
1;1;11.120999999999185;37801.923;19.215;474.8459341989806;4.491518987341771;-0.07987341772151901;-1.2273999999999998;4.49222913223604;4.656890951752056
1;1;11.132999999994354;37801.935;19.642;483.8047443232265;4.496012658227848;-0.08031645569620287;-1.224;4.4967299847778985;4.6603386739592905
1;1;11.144999999996799;37801.947;20.082;497.0248744933738;4.496392405063291;-0.0820253164556957;-1.2069999999999999;4.497140515132977;4.656299154140603
1;1;11.156999999999243;37801.959;20.527;509.25132061332664;4.494556962025315;-0.08367088607594954;-1.2002;4.495335705157843;4.652797345905682
1;1;11.168999999994412;37801.971;20.974;517.5834860894232;4.497594936708859;-0.08512658227848094;-1.2036;4.4984004656899526;4.656636093761202
1;1;11.180999999996857;37801.983;21.431;527.5299105948939;4.496835443037974;-0.08316455696202486;-1.2069999999999999;4.497604400711253;4.656747185031331
1;1;11.192999999999302;37801.995;21.89;540.695092268472;4.498227848101265;-0.08145569620253203;-1.19;4.498965303697904;4.653685507624852
1;1;11.20499999999447;37802.007;22.355;550.94868608694;4.498227848101265;-0.08582278481012623;-1.19;4.499046490516219;4.653763995286644
1;1;11.216999999996915;37802.019;22.827;563.8947858332477;4.498860759493671;-0.08664556962025315;-1.1764;4.499695055006149;4.650932438559691
1;1;11.22899999999936;37802.031;23.301;571.7964434458089;4.497911392405062;-0.08246835443037957;-1.19;4.498667349716992;4.653397460287451
1;1;11.240999999994528;37802.043;23.782;583.389922591709;4.501835443037975;-0.08126582278481051;-1.1764;4.502568876779767;4.653712867178831
1;1;11.252999999996973;37802.055;24.271;593.0272691924332;4.500126582278482;-0.08436708860759483;-1.1831999999999998;4.500917357847124;4.653839200291468
1;1;11.264999999999418;37802.067;24.761;603.1814622154184;4.502025316455696;-0.08803797468354374;-1.1798;4.5028860339780294;4.654880307268318
1;1;11.276999999994587;37802.079;25.256;616.5396813734476;4.500506329113924;-0.08727848101265763;-1.1696;4.501352546917689;4.650821315815343
1;1;11.288999999997031;37802.091;25.763;621.8355728215508;4.503227848101266;-0.08430379746835402;-1.1865999999999999;4.504016894082698;4.657701980825131
1;1;11.300999999999476;37802.103;26.268;633.0672965933604;4.504556962025316;-0.08329113924050649;-1.1798;4.505326940190548;4.657241552465013
1;1;11.312999999994645;37802.115;26.782;649.3735768159496;4.507278481012658;-0.08094936708860737;-1.1492;4.508005335559377;4.65217935439207
1;1;11.32499999999709;37802.127;27.303;657.901706550158;4.509430379746836;-0.0820253164556957;-1.1526;4.510176327187591;4.655123764447445
1;1;11.336999999999534;37802.139;27.826;667.5847306754151;4.50886075949367;-0.08810126582278455;-1.1560000000000001;4.509721408417755;4.655526090737911
1;1;11.348999999994703;37802.151;28.355;679.7610108728321;4.508544303797469;-0.08734177215189844;-1.1492;4.509390238653918;4.653521351027331
1;1;11.360999999997148;37802.163;28.892;690.0440614185991;4.50886075949367;-0.08354430379746793;-1.1492;4.509634685780972;4.653758227411352
1;1;11.372999999999593;37802.175;29.431;697.7212965662304;4.512151898734177;-0.08354430379746881;-1.1526;4.512925260620593;4.657787153568467
1;1;11.384999999994761;37802.187;29.975;707.859358907332;4.510632911392405;-0.08512658227848094;-1.1560000000000001;4.511436112408857;4.657187112018019
1;1;11.396999999997206;37802.199;30.529;718.7237727402423;4.512848101265822;-0.08455696202531636;-1.1492;4.513640201093292;4.657639799826248
1;1;11.40899999999965;37802.211;31.087;731.4691708533811;4.509810126582279;-0.08898734177215227;-1.1458000000000002;4.5106879879703214;4.653940670530701
1;1;11.42099999999482;37802.223;31.645;738.8769056001262;4.511455696202531;-0.08867088607595003;-1.1526;4.512327007746198;4.657207509316689
1;1;11.432999999997264;37802.235;32.211;743.3775936799727;4.514873417721518;-0.08835443037974688;-1.1662000000000001;4.515737866995394;4.663894394539408
1;1;11.443999999995867;37802.246;32.787;760.2574435646028;4.511202531645569;-0.09012658227848143;-1.1492;4.512102734020868;4.656149881861471
1;1;11.455999999998312;37802.258;33.363;768.9539860417854;4.513670886075949;-0.087088607594937;-1.1492;4.514510969460864;4.658483651724289
1;1;11.46799999999348;37802.27;33.948;780.8485490047657;4.512215189873418;-0.08797468354430384;-1.1458000000000002;4.513072729822679;4.656252044796236
1;1;11.479999999995925;37802.282;34.534;789.6429279011331;4.510822784810125;-0.09234177215189893;-1.1526;4.511767857375458;4.656665755542943
1;1;11.49199999999837;37802.294;35.128;801.1575870264957;4.511582278481013;-0.09208860759493749;-1.1458000000000002;4.512522018467356;4.655718269735907
1;1;11.503999999993539;37802.306;35.731;808.7891581884724;4.513987341772151;-0.08898734177215227;-1.1492;4.514864390950728;4.658826151368484
1;1;11.515999999995984;37802.318;36.335;820.1556043677188;4.51639240506329;-0.09094936708860744;-1.139;4.517308063868037;4.658690067378082
1;1;11.527999999998428;37802.33;36.945;828.8764391606026;4.5181645569620255;-0.0929113924050635;-1.139;4.5191197694491905;4.660446812337472
1;1;11.539999999993597;37802.342;37.559;839.3364839597463;4.518734177215189;-0.09329113924050567;-1.1356;4.519697091730089;4.660176945245044
1;1;11.551999999996042;37802.354;38.185;851.9140361497127;4.5177848101265825;-0.09265822784810117;-1.1288;4.518734904572123;4.657591070263515
1;1;11.563999999998487;37802.366;38.807;859.8267509519267;4.5157594936708865;-0.0927848101265819;-1.139;4.51671261269399;4.658112689241102
1;1;11.575999999993655;37802.378;39.439;864.718937336038;4.521455696202532;-0.09360759493670881;-1.1424;4.522424570355171;4.664483010425931
1;1;11.5879999999961;37802.39;40.076;875.1267275221478;4.520316455696202;-0.0927848101265819;-1.1424;4.5212686140759315;4.66336226778792
1;1;11.599999999998545;37802.402;40.72;884.995311109767;4.52006329113924;-0.08955696202531685;-1.1424;4.520950409521399;4.663053759646323
1;1;11.611999999993714;37802.414;41.367;896.3718085460671;4.520632911392405;-0.0877215189873415;-1.1356;4.521483936105227;4.661909945983257
1;1;11.623999999996158;37802.426;42.019;903.3886419792746;4.524113924050632;-0.09126582278480969;-1.1356;4.525034391935314;4.6653535351779505
1;1;11.635999999998603;37802.438;42.681;913.1245334327486;4.52367088607595;-0.09392405063291195;-1.1356;4.52464584391071;4.664976674413117
1;1;11.647999999993772;37802.45;43.338;923.511573076244;4.522151898734177;-0.09341772151898728;-1.1356;4.523116698242366;4.663493543033905
1;1;11.659999999996217;37802.462;44.007;932.5918762516792;4.524240506329114;-0.09075949367088591;-1.1322;4.5251507648696645;4.664639995197969
1;1;11.671999999998661;37802.474;38.977;858.3770073947599;4.526708860759493;-0.09398734177215186;-1.1288;4.527684477797885;4.666274335108461
1;1;11.771999999997206;37802.574;34.3;780.6479585557937;4.527278481012658;-0.09265822784810117;-1.1356;4.528226583534467;4.668449780369093
1;1;11.87199999999575;37802.674;29.965;707.1201931686073;4.524240506329114;-0.09240506329113975;-1.1288;4.5251840686132265;4.663848228108517
1;1;11.971999999994296;37802.774;25.977;631.8057510466333;4.520506329113924;-0.09322784810126575;-1.1254;4.521467560783847;4.659419927761463
1;1;12.072000000000116;37802.874;22.338;551.2301803955895;4.5225949367088605;-0.09474683544303797;-1.1356;4.523587284928975;4.663949965894905
1;1;12.171999999998661;37802.974;19.046;474.87494552410635;4.521898734177214;-0.09196202531645588;-1.1424;4.522833755097992;4.664879734382635
1;1;12.271999999997206;37803.074;16.102;402.27755661214184;4.515632911392405;-0.08791139240506392;-1.1594;4.5164885700469615;4.662925837214747
1;1;12.37199999999575;37803.174;13.499;334.1370055787697;4.512215189873418;-0.08962025316455675;-1.1729999999999998;4.51310510729605;4.663051223126515
1;1;12.471999999994296;37803.274;11.247;271.5010224816368;4.5102531645569615;-0.08506329113924103;-1.1967999999999999;4.511055239286648;4.667113627489212
1;1;12.572000000000116;37803.374;9.342;217.4610606442834;4.5065822784810114;-0.07816455696202618;-1.224;4.507260091306488;4.670499922993701
1;1;12.671999999998661;37803.474;7.782;170.99803457080674;4.503164556962026;-0.07753164556962079;-1.2784;4.503831944371785;4.681752742632158
1;1;12.771999999997206;37803.574;6.568;135.54511273042843;4.50107594936709;-0.07284810126582254;-1.326;4.501665419356362;4.692895433293703
1;1;12.87199999999575;37803.674;5.701;111.30551507776332;4.497594936708861;-0.061392405063291966;-1.36;4.49801392195585;4.699120049765556
1;1;12.971999999994296;37803.774;5.18;97.07499685153222;4.5006329113924055;-0.056518987341772194;-1.3736000000000002;4.50098778036984;4.705918396980405
1;1;13.072000000000116;37803.874;5.008;92.73464790330175;4.498101265822785;-0.06145569620253187;-1.377;4.498521068105859;4.704553198784373
1;0;13.171999999998661;37803.974;5.008;92.79970282032353;4.517341772151899;-0.039620253164557265;-1.343;4.517515517503983;4.7129179338165095
1;0;13.31699999999546;37804.119;5.004;92.44202743812373;4.515443037974684;-0.029493670886076465;-1.3532;4.515539359347494;4.7139416570229615
1;0;13.918999999994412;37804.721;5.007;92.84538777629238;4.510569620253165;-0.03139240506329083;-1.3532;4.510678860465067;4.709285935494513
1;0;14.519000000000233;37805.321;5.008;92.28757849070169;4.513354430379747;-0.028607594936708745;-1.3634;4.513445093131914;4.714874989723115
1;0;15.117999999994936;37805.92;5.007;92.67972354409734;4.507278481012658;-0.014493670886075899;-1.3634;4.50730178398291;4.708994471423334
1;0;15.718999999997322;37806.521;5.007;92.83013841530362;4.507025316455696;-0.014810126582278142;-1.36;4.507049649495992;4.7077698056534105
1;0;16.3179999999993;37807.12;5.007;92.70836478693714;4.5068987341772155;0.00012658227848071765;-1.3634;4.506898735954832;4.708608687940766
1;0;16.918999999994412;37807.721;5.008;92.30860121257868;4.505253164556962;-0.0033544303797466628;-1.377;4.505254413343789;4.710992074813297
1;0;17.51799999999639;37808.32;5.01;93.05391743937733;4.506835443037975;0.011329113924050761;-1.3566;4.506849682366343;4.706597244235543
1;0;18.118999999998778;37808.921;5.01;91.4462329145493;4.500632911392405;0.01848101265822795;-1.4076;4.500670855654449;4.7156522254018425
2;0;19.599999999998545;37810.402;5.008;91.37930641090254;4.494683544303798;0.017531645569620318;-1.4178;4.494717735523748;4.713029212940626
2;0;19.79599999999482;37810.598;5.005;91.44448877385346;4.494620253164558;0.01898734177215172;-1.4143999999999999;4.494660358614944;4.711952790436744
2;0;20.396999999997206;37811.199;5.007;90.93423054288861;4.496772151898735;0.03196202531645541;-1.4245999999999999;4.49688573983755;4.717146013974372
2;0;21.49699999999575;37812.299;5.008;90.90673294028603;4.484936708860759;0.027784810126581832;-1.4449999999999998;4.485022773427192;4.712054146352792
2;0;22.096999999994296;37812.899;5.005;91.64109303601566;4.485189873417721;0.03443037974683525;-1.4245999999999999;4.485322023183886;4.7061235440283955
2;0;22.197000000000116;37812.999;5.005;91.1272934226044;4.492405063291139;0.06341772151898704;-1.4245999999999999;4.49285266396379;4.713301414092517
2;0;22.79699999999866;37813.599;5.007;90.97173191552389;4.4927215189873415;0.08594936708860786;-1.428;4.493543583951852;4.714988646950792
2;0;23.395999999993364;37814.198;5.007;91.54110206255378;4.489746835443038;0.09999999999999988;-1.4178;4.490860345899299;4.709350643811817
2;0;23.99699999999575;37814.799;5.005;91.51353224713829;4.48386075949367;0.08094936708860737;-1.428;4.484591409544374;4.706457703045805
2;0;24.59599999999773;37815.398;5.007;90.64041911983938;4.485316455696202;0.07943037974683605;-1.4484;4.486019716069677;4.714046611242391
2;-2;25.195999999996275;37815.998;4.994;91.95332925664925;4.474050632911393;0.0413291139240501;-1.428;4.474241518013146;4.696596763776148
2;-2;25.75199999999313;37816.554;4.983;90.33470932633733;4.473291139240506;0.035632911392405216;-1.462;4.473433057594796;4.706277437718894
2;-2;25.85099999999511;37816.653;4.963;91.67959018772795;4.470632911392405;0.03727848101265814;-1.4211999999999998;4.470788332450056;4.691242666242235
2;-2;25.950999999993655;37816.753;4.929;89.98676702629544;4.472848101265822;0.03734177215189895;-1.4382;4.473003973276205;4.698529959992244
2;-2;26.050999999999476;37816.853;4.864;87.41542461518739;4.472784810126582;0.038037974683544244;-1.462;4.472946550677428;4.705815003292958
2;-2;26.15099999999802;37816.953;4.759;86.18380021791091;4.471962025316455;0.04126582278481019;-1.428;4.47215241511317;4.694606610143448
2;-2;26.250999999996566;37817.053;4.58;80.76498251940401;4.471265822784809;0.03829113924050658;-1.4551999999999998;4.471429779091678;4.702264487387737
2;-2;26.35099999999511;37817.153;4.313;74.4496574048495;4.469367088607595;0.04873417721518962;-1.4518;4.469632780526559;4.69950427521431
2;-2;26.450999999993655;37817.253;3.945;65.02521558015077;4.470316455696202;0.05329113924050625;-1.4687999999999999;4.47063408920813;4.70573507537237
2;-2;26.550999999999476;37817.353;3.508;55.444931845692224;4.470253164556962;0.05189873417721476;-1.4449999999999998;4.470554421303999;4.698284988571971
2;-2;26.65099999999802;37817.453;3.068;44.70114642051502;4.469113924050633;0.0594936708860758;-1.4824;4.46950990188172;4.70893071970896
2;-2;26.75199999999313;37817.554;2.7;36.93000061941286;4.466898734177214;0.05930379746835428;-1.4789999999999999;4.467292383736278;4.705756287972015
2;-2;26.851999999998952;37817.654;2.431;31.300320619297764;4.464113924050634;0.060443037974683436;-1.4891999999999999;4.464523097458715;4.70634498605259
2;-2;26.951999999997497;37817.754;2.257;27.574081583991664;4.464556962025315;0.06632911392404985;-1.5096;4.465049654653648;4.713338580934184
2;-2;27.051999999996042;37817.854;2.147;25.452337586142814;4.460759493670887;0.07518987341772077;-1.5164;4.46139314311567;4.712058757850915
2;-2;27.151999999994587;37817.954;2.087;24.760107227021333;4.4582278481012665;0.07696202531645621;-1.4824;4.458892093214015;4.698853951648897
2;-2;27.250999999996566;37818.053;2.05;23.698081038425816;4.459113924050633;0.08417721518987331;-1.513;4.4599083837248665;4.709559617545929
2;-2;27.35099999999511;37818.153;2.031;23.678671639126343;4.454683544303797;0.09101265822784735;-1.4891999999999999;4.4556131770889555;4.697893722068299
2;-2;27.450999999993655;37818.253;2.02;23.22457602848247;4.4586075949367086;0.0863291139240509;-1.5062;4.459443283812253;4.706938797301087
2;-2;27.550999999999476;37818.353;2.006;23.25079730605574;4.454620253164556;0.08886075949367066;-1.4858;4.455506462174827;4.696715817939344
2;-2;27.65099999999802;37818.453;2.004;23.238201082711203;4.455443037974684;0.08651898734177153;-1.4824;4.456283002661268;4.696378174700982
2;-2;27.750999999996566;37818.553;2.006;22.697998986634815;4.459430379746834;0.08145569620253112;-1.53;4.460174250211849;4.7153000267483325
2;-2;27.85099999999511;37818.653;2.007;23.132364980637483;4.458670886075948;0.08354430379746793;-1.4926;4.459453522690676;4.702614217755724
2;-2;27.950999999993655;37818.753;2.006;23.2117690486928;4.452848101265822;0.07968354430379748;-1.4926;4.453561011166172;4.697026765963704
2;-2;28.050999999999476;37818.853;2.006;22.91679386327992;4.457215189873418;0.08316455696202577;-1.513;4.457990981638817;4.707743896217489
2;-2;28.15099999999802;37818.953;2.006;23.00655842731112;4.458607594936709;0.08006329113924054;-1.5028;4.459326385925945;4.7057411378246625
2;-2;28.25199999999313;37819.054;2.007;22.875456068863848;4.456392405063291;0.08170886075949346;-1.5198;4.457141416404958;4.70912960597098
2;-2;28.351999999998952;37819.154;2.004;22.896059820825688;4.451708860759493;0.08120253164556969;-1.5198;4.452449396917412;4.7046889027979555
2;-2;28.450999999993655;37819.253;2.006;22.746970280729617;4.451582278481013;0.0848734177215195;-1.5368;4.452391298967549;4.7101531311754545
2;-2;28.550999999999476;37819.353;2.004;22.927325609587307;4.451898734177214;0.08575949367088632;-1.5164;4.452724674861828;4.703852250031177
2;-2;28.65099999999802;37819.453;2.007;22.84804078205134;4.453481012658228;0.0819620253164549;-1.5266;4.454235164840462;4.708579240461112
2;-2;28.750999999996566;37819.553;2.004;22.77638347424049;4.45246835443038;0.07449367088607547;-1.53;4.453091482802264;4.70860104003366
2;-2;28.85099999999511;37819.653;2.009;22.997911928217444;4.4490506329113915;0.0739873417721517;-1.5231999999999999;4.449665792051327;4.703154675422844
2;-2;28.950999999993655;37819.753;2.009;22.992403601635175;4.451708860759493;0.07354430379746785;-1.5198;4.452316312391297;4.704562953727545
2;-2;29.050999999999476;37819.853;2.004;22.870529328545974;4.45120253164557;0.07512658227848086;-1.5231999999999999;4.451836472860697;4.7052084142036446
2;-2;29.15099999999802;37819.953;2.009;23.046662920374786;4.450759493670885;0.07044303797468351;-1.5164;4.451316916610254;4.702519670570301
2;-2;29.250999999996566;37820.053;2.007;22.73124565051703;4.451898734177215;0.06987341772151894;-1.5402;4.4524470388622;4.71131623581699
2;-2;29.351999999998952;37820.154;2.007;22.620635480963628;4.454050632911393;0.07411392405063331;-1.547;4.454667205782781;4.71564088054599
2;-2;29.451999999997497;37820.254;2.004;22.73083474646509;4.4551265822784805;0.08012658227848045;-1.53;4.455847072478135;4.711207184290664
2;-2;29.550999999999476;37820.353;2.004;22.66656648018301;4.4569620253164555;0.07677215189873378;-1.5334;4.4576231848845325;4.713991940852267
2;2;29.65099999999802;37820.453;2.007;22.880267087470532;4.451645569620253;0.07715189873417684;-1.5266;4.452314082923387;4.706761971142998
2;2;29.66299999999319;37820.465;2.017;23.033151201703365;4.453544303797469;0.07746835443037998;-1.5266;4.454218024729485;4.708563026213522
2;2;29.674999999995634;37820.477;2.032;23.166111849584258;4.455253164556961;0.08069620253164593;-1.5368;4.4559839135030375;4.713549286620205
2;2;29.68699999999808;37820.489;2.048;23.384991842873525;4.455253164556963;0.07778481012658223;-1.5436;4.455932140078129;4.715721810813405
2;2;29.69999999999709;37820.502;2.074;24.221925706724434;4.454683544303798;0.08139240506329032;-1.513;4.455427050630841;4.705316057768387
2;2;29.711999999999534;37820.514;2.103;24.52581345694295;4.457278481012659;0.07518987341772167;-1.53;4.45791262524997;4.713160826278166
2;2;29.723999999994703;37820.526;2.137;25.045572482434668;4.456962025316455;0.07436708860759475;-1.5402;4.457582411911296;4.716169738143542
2;2;29.735999999997148;37820.538;2.178;25.717777447831274;4.457784810126582;0.07170886075949429;-1.547;4.45836153470159;4.719130913007893
2;2;29.747999999999593;37820.55;2.226;26.797901053880985;4.4577215189873405;0.07373417721518936;-1.5334;4.458331287570767;4.714661539255221
2;2;29.75999999999476;37820.562;2.277;27.863041099083816;4.455696202531646;0.06974683544303732;-1.53;4.456242056970116;4.711580761306045
2;2;29.771999999997206;37820.574;2.334;28.655852685287908;4.459620253164557;0.07063291139240503;-1.547;4.460179571565171;4.720848526547667
2;2;29.78399999999965;37820.586;2.394;29.762705146102185;4.457721518987341;0.07044303797468442;-1.5538;4.4582780714578485;4.721285609073223
2;2;29.79599999999482;37820.598;2.461;31.245954963973286;4.4615822784810115;0.07044303797468351;-1.5368;4.462138349407705;4.719367848478747
2;2;29.807999999997264;37820.61;2.531;32.93112561259406;4.4604430379746836;0.0711392405063288;-1.5198;4.461010298862427;4.712791627746409
2;2;29.81999999999971;37820.622;2.613;34.370664407308574;4.462974683544304;0.0696202531645575;-1.53;4.463517671703348;4.718462673965757
2;2;29.831999999994878;37820.634;2.695;35.98940597929455;4.462911392405063;0.06974683544303821;-1.5334;4.463456364468372;4.719508266494849
2;2;29.843999999997322;37820.646;2.784;38.09454312901353;4.4644936708860765;0.06493670886076015;-1.5164;4.464965902841756;4.7154415989957394
2;2;29.855999999999767;37820.658;2.879;40.11818541080188;4.465886075949366;0.0644936708860754;-1.513;4.46635174129208;4.715661870505857
2;2;29.867999999994936;37820.67;2.977;42.18923991456597;4.4665189873417726;0.06069620253164487;-1.513;4.466931373245657;4.716210861834566
2;2;29.87999999999738;37820.682;3.082;44.48962940355528;4.467468354430379;0.06265822784810093;-1.5096;4.467907737560607;4.716046194785834
2;2;29.891999999999825;37820.694;3.19;46.94842244303669;4.464240506329115;0.06411392405063324;-1.5096;4.4647008739227765;4.713008174574579
2;2;29.903999999994994;37820.706;3.308;49.60108301532139;4.465253164556961;0.061139240506328726;-1.5062;4.465671710987681;4.712840149030693
2;2;29.91599999999744;37820.718;3.426;51.62861114423076;4.465949367088609;0.0608860759493673;-1.53;4.466364389930994;4.721155670346367
2;2;29.927999999999884;37820.73;3.556;54.98843361576268;4.4678481012658215;0.05708860759493677;-1.5096;4.46821281555632;4.716335221875321
2;2;29.939999999995052;37820.742;3.688;57.54063036291873;4.467341772151899;0.06259493670886103;-1.5266;4.467780280554859;4.721394729877481
2;2;29.951999999997497;37820.754;3.825;61.810291209422864;4.467784810126582;0.0652531645569615;-1.4858;4.468261304476554;4.708817338258357
2;2;29.963999999999942;37820.766;3.97;65.09871902323589;4.468101265822784;0.05816455696202602;-1.4891999999999999;4.468479835171437;4.710098584672486
2;2;29.97599999999511;37820.778;4.115;68.99424787050668;4.469367088607596;0.061265822784810346;-1.4722;4.469786983041836;4.705992829761882
2;2;29.987999999997555;37820.79;4.271;72.07423095038946;4.47120253164557;0.05746835443037982;-1.4891999999999999;4.471571836698444;4.713032074021425
2;2;30.0;37820.802;4.426;76.26306439457737;4.468987341772152;0.056075949367089234;-1.4789999999999999;4.46933914276117;4.707699371563264
2;2;30.01199999999517;37820.814;4.589;79.89100312194829;4.472531645569621;0.055506329113924655;-1.4824;4.472876062802703;4.712125850738009
2;2;30.023999999997613;37820.826;4.762;83.3424725138879;4.472151898734178;0.04575949367088601;-1.5028;4.47238600040434;4.718118732780336
2;2;30.036000000000058;37820.838;4.936;88.44320188407616;4.473544303797468;0.05056962025316497;-1.4789999999999999;4.473830117978477;4.711963170965082
2;2;30.047999999995227;37820.85;5.118;92.98759241458934;4.474873417721518;0.051392405063290986;-1.4756;4.475168520170928;4.712168146822528
2;2;30.062999999994645;37820.865;5.301;96.39609103188161;4.475822784810126;0.051518987341772605;-1.4994;4.476119279809486;4.7205766773861635
2;2;30.072999999996682;37820.875;5.493;101.3130406091986;4.473227848101265;0.05158227848101341;-1.4994;4.473525244422118;4.7181170473486524
2;2;30.085999999995693;37820.888;5.686;105.49754439680595;4.472341772151898;0.049113924050632675;-1.513;4.472611441257828;4.7215910564628985
2;2;30.097999999998137;37820.9;5.887;111.56311788422991;4.474177215189874;0.04867088607594971;-1.4891999999999999;4.474441932585072;4.715755215029257
2;2;30.109999999993306;37820.912;6.095;116.71941218212521;4.475;0.046329113924050584;-1.4891999999999999;4.475239813328106;4.716512273576417
2;2;30.119999999995343;37820.922;6.311;121.9296408658897;4.475506329113924;0.03981012658227879;-1.4926;4.475683383363627;4.718007684194387
2;2;30.131999999997788;37820.934;6.528;127.1571857431633;4.47367088607595;0.040189873417721844;-1.4994;4.47385140822188;4.71842630363651
2;2;30.144000000000233;37820.946;6.75;132.98905696613463;4.475632911392404;0.03835443037974739;-1.4926;4.47579724963817;4.7181157022553615
2;2;30.1559999999954;37820.958;6.979;139.0179848832378;4.4776582278481;0.037911392405063526;-1.4858;4.47781871887305;4.717887463588961
2;2;30.167999999997846;37820.97;7.212;144.15404393451706;4.4763291139240495;0.03765822784810119;-1.4994;4.4764875157079045;4.720925845455394
2;2;30.18000000000029;37820.982;7.45;150.89458415714589;4.4761392405063285;0.038354430379746486;-1.4891999999999999;4.476303560163266;4.7175216165620615
2;2;30.19199999999546;37820.994;7.699;157.3753896980042;4.476962025316455;0.036455696202532126;-1.4858;4.477110451386165;4.717215241422764
2;2;30.203999999997905;37821.006;7.948;164.78458568124563;4.474303797468354;0.036139240506329884;-1.4756;4.47444974457688;4.711485527595739
2;2;30.215999999993073;37821.018;8.202;169.95825838149506;4.476455696202531;0.033607594936709236;-1.4891999999999999;4.476581851200927;4.717785678737592
2;2;30.227999999995518;37821.03;8.463;176.42073754494007;4.475506329113923;0.03272151898734151;-1.4926;4.475625945020832;4.71795319601028
2;2;30.244999999995343;37821.047;8.729;183.20352755980568;4.477341772151899;0.03367088607594914;-1.4891999999999999;4.477468377691287;4.7186268885371145
2;2;30.252999999996973;37821.055;8.999;190.10328301721555;4.476835443037975;0.03126582278481011;-1.4891999999999999;4.476944620577234;4.7181299023782115
2;2;30.265999999995984;37821.068;9.28;197.80449152714567;4.479177215189873;0.028101265822784976;-1.4789999999999999;4.479265364567827;4.717124039731937
2;2;30.27799999999843;37821.08;9.557;204.31334572261406;4.4803797468354425;0.02740506329113878;-1.4824;4.480463560095899;4.71932871003358
2;2;30.289999999993597;37821.092;9.85;212.4411167918546;4.477594936708861;0.02082278481012707;-1.4789999999999999;4.477643353998628;4.715583845676809
2;2;30.301999999996042;37821.104;10.139;219.40231810192827;4.4796202531645575;0.019113924050632437;-1.4789999999999999;4.479661031222642;4.717499756720153
2;2;30.312999999994645;37821.115;10.435;223.9712433720755;4.479683544303796;0.022721518987341434;-1.5062;4.479741167135811;4.72617386101393
2;2;30.323999999993248;37821.126;10.745;233.40772370623145;4.477721518987342;0.017784810126582652;-1.4926;4.477756838091317;4.719974688605178
2;2;30.334999999999127;37821.137;11.049;241.58945110399603;4.480506329113923;0.01848101265822795;-1.4824;4.4805444438213975;4.719405499960646
2;2;30.346999999994296;37821.149;11.37;250.352747817119;4.478037974683544;0.014746835443038233;-1.4789999999999999;4.478062256363067;4.715981612757146
2;2;30.35899999999674;37821.161;11.686;258.7590602862536;4.479113924050633;0.015632911392405056;-1.4722;4.479141204800633;4.71487844727124
2;2;30.370999999999185;37821.173;12.011;271.2889056684808;4.479240506329113;0.010316455696202322;-1.4347999999999999;4.479252386592836;4.703440547386308
2;2;30.382999999994354;37821.185;12.343;277.8000318629704;4.479556962025315;0.007341772151898712;-1.4484;4.4795629784218685;4.707902615565429
2;2;30.3949999999968;37821.197;12.678;284.77684821193844;4.483670886075949;0.007088607594936377;-1.4518;4.483676489556614;4.712863047342106
2;2;30.406999999999243;37821.209;13.015;293.82659189056045;4.483987341772151;6.329113923990911e-05;-1.4449999999999998;4.483987342218826;4.711068613932368
2;2;30.424999999995634;37821.227;13.365;302.11862095217265;4.482848101265822;0.0017088607594937355;-1.4484;4.482848426974492;4.71102882385872
2;2;30.432999999997264;37821.235;13.714;308.39455864337316;4.483987341772151;-0.002784810126582084;-1.462;4.483988206534482;4.716311507559729
2;2;30.4429999999993;37821.245;14.077;318.9639556780227;4.484113924050632;-0.004367088607595102;-1.4484;4.484116050608822;4.712235065797086
2;2;30.45499999999447;37821.257;14.44;325.55884488012305;4.484303797468354;-0.004430379746835911;-1.462;4.484305986019889;4.716613634404858
2;2;30.466999999996915;37821.269;14.808;336.93248724460483;4.4879113924050635;-0.0038607594936704327;-1.4382;4.487913053028437;4.712725624470729
2;2;30.47899999999936;37821.281;15.179;346.0649899614029;4.4862658227848105;-0.004050632911391959;-1.4382;4.486267651435217;4.711158740725476
2;2;30.49099999999453;37821.293;15.56;354.5995545236251;4.487721518987342;-0.00848101265822787;-1.4382;4.487729532799159;4.712550859095078
2;2;30.502999999996973;37821.305;15.945;365.905559457525;4.4870253164556955;-0.009303797468354783;-1.4245999999999999;4.487034962106008;4.7077561439779
2;2;30.514999999999418;37821.317;16.337;371.4224266507514;4.487658227848102;-0.008797468354430113;-1.4449999999999998;4.487666850984175;4.714570899395004
2;2;30.526999999994587;37821.329;16.728;377.7407073378284;4.488607594936709;-0.011455696202531479;-1.4586;4.48862221336336;4.71966559560092
2;2;30.543999999994412;37821.346;17.128;388.5190051181207;4.4884810126582275;-0.00841772151898796;-1.4484;4.488488905971474;4.716396423015033
2;2;30.551999999996042;37821.354;17.535;394.63541934384773;4.488227848101265;-0.013607594936708177;-1.4654;4.488248476088604;4.721416264545171
2;2;30.563999999998487;37821.366;17.948;407.2982130918704;4.4886708860759486;-0.015506329113923438;-1.4449999999999998;4.488697669675296;4.7155521171702075
2;2;30.57499999999709;37821.377;18.363;417.3887326513878;4.489620253164556;-0.01936708860759477;-1.4382;4.489662025336263;4.714391195238948
2;2;30.586999999999534;37821.389;18.787;426.2541741100983;4.490886075949367;-0.019999999999999258;-1.4382;4.4909306103697375;4.7155993242806264
2;2;30.601999999998952;37821.404;19.212;436.53337549589094;4.4894303797468345;-0.024620253164556696;-1.4347999999999999;4.489497888568352;4.713198736681883
2;2;30.610999999997148;37821.413;19.647;443.18982570575287;4.489367088607596;-0.02449367088607598;-1.4484;4.4894339059826365;4.717295767300001
2;2;30.622999999999593;37821.425;20.084;451.72534039342185;4.493670886075949;-0.02430379746835445;-1.4449999999999998;4.493736608540602;4.720348896738248
2;2;30.63499999999476;37821.437;20.53;466.2794361374495;4.4905063291139244;-0.02632911392405043;-1.4245999999999999;4.490583515986786;4.711138447769525
2;2;30.646999999997206;37821.449;20.974;475.81384747827383;4.493924050632911;-0.029683544303797993;-1.4178;4.494022083352434;4.712365788609724
2;2;30.66299999999319;37821.465;21.428;484.90109840865927;4.492784810126582;-0.027911392405063448;-1.4211999999999998;4.492871508949498;4.71229284276032
2;2;30.672999999995227;37821.475;21.889;493.7877906301681;4.4943670886075955;-0.028987341772151797;-1.4211999999999998;4.494460567536679;4.71380793341669
2;2;30.68499999999767;37821.487;22.354;509.92784133736393;4.496518987341772;-0.027911392405063448;-1.3871999999999998;4.496605614166208;4.705718424358927
2;2;30.69499999999971;37821.497;22.827;521.5824633804651;4.49512658227848;-0.02873417721519036;-1.3804;4.495218420015521;4.702392242640637
2;2;30.706999999994878;37821.509;23.302;530.9665926291314;4.495632911392406;-0.031012658227847777;-1.3804;4.495739878925927;4.702890730068573
2;2;30.721999999994296;37821.524;23.779;547.3832780370417;4.496012658227849;-0.03582278481012584;-1.3498;4.4961553681847555;4.694398058841687
2;2;30.730999999999767;37821.533;24.267;544.8001260423907;4.49892405063291;-0.035000000000000725;-1.3974;4.499060192236066;4.711079427622
2;2;30.742999999994936;37821.545;24.761;553.9595511079054;4.497848101265822;-0.03689873417721599;-1.4007999999999998;4.497999450716334;4.711076278160272
2;2;30.75499999999738;37821.557;25.259;562.4295347811493;4.4984177215189876;-0.035506329113923596;-1.4042;4.498557846319554;4.7126213869441305
2;2;30.766999999999825;37821.569;25.763;570.7944375488423;4.499113924050634;-0.03810126582278505;-1.4076;4.4992752536429235;4.714320265748138
2;2;30.778999999994994;37821.581;26.271;582.4506391844335;4.50006329113924;-0.035063291139240636;-1.3974;4.500199890965338;4.712167847036483
2;2;30.79099999999744;37821.593;26.783;590.8614247065659;4.500506329113923;-0.034050632911392195;-1.4007999999999998;4.500635140065916;4.713592823313884
2;2;30.802999999999884;37821.605;27.305;601.40842413434;4.502215189873418;-0.034050632911392195;-1.394;4.502343951935325;4.7132087861168
2;2;30.814999999995052;37821.617;27.828;614.1700815243746;4.502784810126582;-0.034936708860759016;-1.3804;4.5029203435029475;4.709755384298924
2;2;30.826999999997497;37821.629;28.356;622.930741430179;4.502341772151898;-0.03594936708860746;-1.3838;4.502485290398845;4.71033716736477
2;2;30.838999999999942;37821.641;28.889;632.8362247627762;4.503354430379746;-0.035063291139240636;-1.3804;4.503490930379054;4.710300916078122
2;2;30.85099999999511;37821.653;29.431;640.6885814848494;4.5048734177215195;-0.036012658227848264;-1.3838;4.505017360815228;4.712757564446383
2;2;30.862999999997555;37821.665;29.975;648.942678835753;4.503291139240507;-0.033860759493671566;-1.3905999999999998;4.503418438896785;4.713230950822965
2;2;30.875;37821.677;30.526;654.0056281897336;4.504240506329115;-0.03683544303797518;-1.4042;4.5043911229732;4.7181900161735495
2;2;30.88699999999517;37821.689;31.086;676.3709035809931;4.505506329113924;-0.0355696202531644;-1.3566;4.505646732664533;4.705445360385197
2;2;30.898999999997613;37821.701;31.647;689.9828596914184;4.504936708860759;-0.03962025316455636;-1.343;4.505110932629965;4.70102898473324
2;2;30.911000000000058;37821.713;32.213;700.1178302382384;4.505506329113924;-0.04322784810126626;-1.3396000000000001;4.505713698021335;4.700636562055941
2;2;30.922999999995227;37821.725;32.786;711.3840179689681;4.505886075949368;-0.0449999999999999;-1.3328;4.506110776427317;4.699083971311259
2;2;30.938999999998487;37821.741;33.362;717.009764658228;4.509367088607596;-0.04000000000000031;-1.3396000000000001;4.509544493606571;4.704308631437498
2;2;30.948999999993248;37821.751;33.945;717.724110273952;4.50620253164557;-0.0413291139240501;-1.3736000000000002;4.506392054833522;4.711087593312896
2;2;30.958999999995285;37821.761;34.536;725.4585423305822;4.509177215189873;-0.03911392405063259;-1.3736000000000002;4.5093468548163536;4.7139140867268825
2;2;30.97099999999773;37821.773;35.127;753.8524696721227;4.506645569620254;-0.04367088607594922;-1.3158;4.506857157318004;4.695007036892332
2;2;30.983000000000175;37821.785;35.731;756.5273089038957;4.5093037974683545;-0.04341772151898689;-1.3328;4.509512815859871;4.702346401149582
2;2;30.994999999995343;37821.797;36.335;764.2504321934808;4.508164556962025;-0.04512658227848062;-1.3396000000000001;4.508390409123498;4.7032023389470226
2;2;31.006999999997788;37821.809;36.943;775.8717329010112;4.509620253164557;-0.04613924050632906;-1.3294;4.509856279003408;4.701713306579471
2;2;31.021999999997206;37821.824;37.558;786.1956919593126;4.515379746835443;-0.041329113924050996;-1.3158;4.515568884846012;4.7033702803191515
2;2;31.0309999999954;37821.833;38.181;798.6457337993135;4.513607594936708;-0.04183544303797477;-1.309;4.513801471638349;4.699774965396165
2;2;31.042999999997846;37821.845;38.809;811.3269277840324;4.513291139240506;-0.04683544303797436;-1.2988;4.513534143691773;4.696687333245787
2;2;31.05500000000029;37821.857;39.441;822.6235516064268;4.515379746835443;-0.04613924050632906;-1.2886;4.515615471632434;4.695878304177634
2;2;31.06699999999546;37821.869;40.074;826.2458535017563;4.516962025316455;-0.04468354430379766;-1.3022;4.517183033405054;4.701134692527165
2;2;31.07999999999447;37821.882;40.72;846.5682773440484;4.517278481012658;-0.04481012658227838;-1.2682;4.517500727444806;4.692136407060684
2;2;31.091999999996915;37821.894;41.365;856.5483265088806;4.5176582278481;-0.04664556962025283;-1.2648;4.517899033047201;4.691602147753882
2;2;31.10399999999936;37821.906;42.018;861.0089931216785;4.519430379746836;-0.04898734177215196;-1.275;4.519695865545881;4.696091536270617
2;2;31.11599999999453;37821.918;42.678;872.3015160151824;4.517721518987342;-0.049493670886076625;-1.2716;4.51799262356404;4.693530004866175
2;2;31.127999999996973;37821.93;43.34;881.0318517664678;4.519873417721518;-0.0500632911392403;-1.2682;4.52015066622179;4.69468777293499
2;2;31.139999999999418;37821.942;44.01;897.1348303351352;4.521708860759492;-0.04493670886076;-1.2444;4.52193214558491;4.69003216292534
2;2;31.151999999994587;37821.954;38.98;824.7831436437381;4.5260759493670895;-0.04468354430379766;-1.2409999999999999;4.526296512444887;4.693340081282279
2;2;31.250999999996566;37822.053;34.3;741.8205545705548;4.523291139240507;-0.03981012658227879;-1.2818;4.523466323132093;4.701569824697935
2;2;31.351999999998952;37822.154;29.966;670.9117245776848;4.520759493670885;-0.042911392405063115;-1.2784;4.520963148181322;4.698235237534789
2;2;31.450999999993655;37822.253;25.98;585.4382876918114;4.519556962025317;-0.040506329113924086;-1.3294;4.519738476470713;4.71119308197932
2;2;31.550999999999476;37822.353;22.342;518.3401278049253;4.519936708860759;-0.043354430379746976;-1.3056;4.520144628077799;4.704922828138692
2;2;31.651999999994587;37822.454;19.044;442.04960017189336;4.518860759493672;-0.03797468354430344;-1.3362;4.519020318640093;4.712427726796668
2;2;31.75199999999313;37822.554;16.1;369.3624127338804;4.516012658227847;-0.032911392405063036;-1.377;4.516132580983887;4.721396243594068
2;2;31.851999999998952;37822.654;13.501;308.8369748338962;4.512658227848102;-0.026962025316455817;-1.3736000000000002;4.51273877287112;4.717158911058047
2;2;31.950999999993655;37822.753;11.246;251.18463818187146;4.511075949367089;-0.01297468354430369;-1.3905999999999998;4.51109460811578;4.720565953714794
2;2;32.050999999999476;37822.853;9.34;202.20836628653137;4.508037974683545;-0.001455696202531401;-1.4007999999999998;4.508038209713884;4.7206619387793864
2;2;32.15099999999802;37822.953;7.776;161.78901924058215;4.504936708860759;0.0067088607594933255;-1.4076;4.504941704356883;4.719728543004766
2;2;32.25199999999313;37823.054;6.562;129.601094218443;4.502151898734177;0.01987341772151944;-1.428;4.50219576118228;4.723235191265378
2;2;32.35199999999895;37823.154;5.7;107.58612146948467;4.502215189873417;0.020000000000000157;-1.4314;4.502259612231055;4.724325092108599
2;2;32.450999999993655;37823.253;5.18;94.49938663586192;4.499367088607595;0.028481012658228028;-1.4382;4.499457230169793;4.7237204199790686
2;2;32.55199999999604;37823.354;5.005;90.76140262168248;4.498544303797468;0.039620253164557265;-1.4245999999999999;4.498718775128033;4.718893490818528
2;0;32.697000000000116;37823.499;5.005;91.67342193548508;4.501265822784809;0.03474683544303839;-1.3974;4.501399932237072;4.713313920156805
2;0;33.29699999999866;37824.099;5.008;91.44818169552863;4.501835443037974;0.025569620253164324;-1.4042;4.501908057887545;4.71581952598621
2;0;33.895999999993364;37824.698;5.011;91.36614918155226;4.5000632911392415;0.028544303797467935;-1.4109999999999998;4.500153819764189;4.71617486969453
2;0;34.49699999999575;37825.299;5.005;90.10812495850661;4.493924050632911;0.03430379746835453;-1.4484;4.494054975562455;4.72169383626021
2;0;35.09599999999773;37825.898;5.005;89.90466240551538;4.490569620253164;0.039430379746835734;-1.4586;4.490742730238242;4.721682351576355
2;0;35.697000000000116;37826.499;5.008;90.05377422199255;4.493670886075949;0.04094936708860795;-1.4518;4.4938574613611815;4.722549959823778
2;0;36.29699999999866;37827.099;5.007;89.71460248964125;4.494303797468354;0.040063291139240224;-1.4586;4.494482360765851;4.725239216297454
2;0;36.896999999997206;37827.699;5.01;90.42963512683855;4.49493670886076;0.04449367088607523;-1.4416;4.495156916439394;4.720661634073441
2;0;37.495999999999185;37828.298;5.005;89.8577932796749;4.497468354430381;0.05322784810126544;-1.4484;4.497783321027838;4.725242571859799
2;0;38.09599999999773;37828.898;5.005;90.95748774569586;4.495506329113924;0.04126582278481019;-1.4245999999999999;4.49569572182476;4.716011575816312
